"1336372","https://mojo.redhat.com/docs/DOC-1092332","GPTE - Consulting Enablement Leadership Community","abhaskar","https://mojo.redhat.com/groups/global-partner-enablement"
"1336371","https://mojo.redhat.com/docs/DOC-1092331","GPTE - SA Enablement Leadership Community","abhaskar","https://mojo.redhat.com/groups/global-partner-enablement"
"1330242","https://mojo.redhat.com/docs/DOC-1090148","GPTE - Knowledge Management Strategy Roadmap","abhaskar","https://mojo.redhat.com/groups/global-partner-enablement"
"1330238","https://mojo.redhat.com/docs/DOC-1090147","GPTE - FY17 Enablement Strategy Roadmap","abhaskar","https://mojo.redhat.com/groups/global-partner-enablement"
"1330227","https://mojo.redhat.com/docs/DOC-1090144","GPTE - Sales Strategy Roadmap","abhaskar","https://mojo.redhat.com/groups/global-partner-enablement"
"1329043","https://mojo.redhat.com/docs/DOC-1089697","GPTE - SA Strategy Roadmap","abhaskar","https://mojo.redhat.com/groups/global-partner-enablement"
"1325222","https://mojo.redhat.com/docs/DOC-1088438","GPTE - Consulting Strategy Roadmap","abhaskar","https://mojo.redhat.com/groups/global-partner-enablement"
"1295149","https://mojo.redhat.com/docs/DOC-1077805","GPTE Field Execution team - work streams","abhaskar",""
"1288200","https://mojo.redhat.com/docs/DOC-1074988","GPTE Readiness Checklist - Definitions &amp; Examples","abhaskar","https://mojo.redhat.com/groups/global-partner-enablement/projects/field-readiness"
"1284830","https://mojo.redhat.com/docs/DOC-1074229","Experiential Learning - Advanced Technical Learning Path","abhaskar","https://mojo.redhat.com/groups/rhse"
"1284828","https://mojo.redhat.com/docs/DOC-1074228","Assignment: RHSE Advanced Enterprise Integration Learning Path","abhaskar","https://mojo.redhat.com/groups/rhse"
"1284827","https://mojo.redhat.com/docs/DOC-1074227","Course: Advanced Enterprise Integration with JBoss Fuse","abhaskar","https://mojo.redhat.com/groups/rhse"
"1284826","https://mojo.redhat.com/docs/DOC-1074226","Course: Enterprise Integration with JBoss Fuse","abhaskar","https://mojo.redhat.com/groups/rhse"
"1281123","https://mojo.redhat.com/docs/DOC-1072827","Want to see some content added here?","abhaskar","https://mojo.redhat.com/groups/rhse"
"1276611","https://mojo.redhat.com/docs/DOC-1071425","GPTE Sales content creation process explained","abhaskar","https://mojo.redhat.com/groups/global-partner-enablement/projects/field-readiness"
"1267500","https://mojo.redhat.com/docs/DOC-1067711","GPTE - Roadmap","abhaskar","https://mojo.redhat.com/groups/rhse"
"1266994","https://mojo.redhat.com/docs/DOC-1067460","Partner Technical Library (access for RH internals)","abhaskar","https://mojo.redhat.com/groups/rhse"
"1258612","https://mojo.redhat.com/docs/DOC-1064582","RHSE: How do I obtain CE credits through RHSE courses?","abhaskar","https://mojo.redhat.com/groups/rhse"
"1232210","https://mojo.redhat.com/docs/DOC-1054513","Ansible and Ansible Tower: Getting started","abhaskar","https://mojo.redhat.com/groups/automation-community-of-practice/projects/learn-demo"
"1223672","https://mojo.redhat.com/docs/DOC-1051785","Widget: RHSE Tracks","abhaskar","https://mojo.redhat.com/community/consulting-customer-training/services-to-be-deleted-content"
"1217326","https://mojo.redhat.com/docs/DOC-1049373","Proficiency Triangles - overview","abhaskar","https://mojo.redhat.com/groups/rhse"
"1205037","https://mojo.redhat.com/docs/DOC-1044673","The Learning Experience - Advanced Skills (Consulting) - Simulation approach","abhaskar","https://mojo.redhat.com/groups/advanced-content-roadmap-alignment-planning"
"1203085","https://mojo.redhat.com/docs/DOC-1043904","Skills Base Governance","abhaskar","https://mojo.redhat.com/groups/global-partner-enablement"
"1203082","https://mojo.redhat.com/docs/DOC-1043903","The Learning Experience - Advanced Skills (Consulting)","abhaskar","https://mojo.redhat.com/groups/advanced-content-roadmap-alignment-planning"
"1203080","https://mojo.redhat.com/docs/DOC-1043902","The Learning Experience and Associated Modalities","abhaskar","https://mojo.redhat.com/groups/advanced-content-roadmap-alignment-planning"
"1198816","https://mojo.redhat.com/docs/DOC-1042433","GPTE Readiness program explained","abhaskar","https://mojo.redhat.com/groups/advanced-content-roadmap-alignment-planning"
"1196571","https://mojo.redhat.com/docs/DOC-1041448","Field Enablement Team - Activity Milestones Dashboard","abhaskar","https://mojo.redhat.com/groups/global-partner-enablement"
"1193315","https://mojo.redhat.com/docs/DOC-1040375","How to use Trello - Team GPTE","abhaskar","https://mojo.redhat.com/groups/team-gpte-fe"
"1193312","https://mojo.redhat.com/docs/DOC-1040372","Running a Sprint&#160;&#160;","abhaskar","https://mojo.redhat.com/groups/team-gpte-fe"
"1187592","https://mojo.redhat.com/docs/DOC-1038097","Akhil - status page","abhaskar",""
"1181712","https://mojo.redhat.com/docs/DOC-1035811","Project Woot: Global Enablement 2.0","abhaskar","https://mojo.redhat.com/groups/team-gpte-fe"
"1169338","https://mojo.redhat.com/docs/DOC-1031191","CloudForms demo script - FSI - Architect","abhaskar","https://mojo.redhat.com/groups/technical-sales-knowledge-base-test-only"
"1169337","https://mojo.redhat.com/docs/DOC-1031190","CloudForms demo script - FSI - Technical","abhaskar","https://mojo.redhat.com/groups/technical-sales-knowledge-base-test-only"
"1169336","https://mojo.redhat.com/docs/DOC-1031189","CloudForms demo script - FSI - Business","abhaskar","https://mojo.redhat.com/groups/technical-sales-knowledge-base-test-only"
"1169327","https://mojo.redhat.com/docs/DOC-1031185","CloudForms presentation script - FSI - Business","abhaskar","https://mojo.redhat.com/groups/technical-sales-knowledge-base-test-only"
"1169322","https://mojo.redhat.com/docs/DOC-1031182","CloudForms presentation script - FSI - Technical","abhaskar","https://mojo.redhat.com/groups/technical-sales-knowledge-base-test-only"
"1169319","https://mojo.redhat.com/docs/DOC-1031181","CloudForms presentation script - FSI - Architect","abhaskar","https://mojo.redhat.com/groups/technical-sales-knowledge-base-test-only"
"1165417","https://mojo.redhat.com/docs/DOC-1029963","Meeting Minutes - 19 May 2015","abhaskar","https://mojo.redhat.com/groups/apac-leadership-expansion-program/projects/red-hat-20-effective-technical-sales"
"1164718","https://mojo.redhat.com/docs/DOC-1029694","Effective Technical Sales - Final presentation","abhaskar","https://mojo.redhat.com/groups/apac-leadership-expansion-program/projects/red-hat-20-effective-technical-sales"
"1162463","https://mojo.redhat.com/docs/DOC-1028705","Ingram Micro NZ Business Development Activity","abhaskar","https://mojo.redhat.com/groups/ingram-micro-nz-sales-sync"
"1157459","https://mojo.redhat.com/docs/DOC-1026695","Effective Technical Sales - PoC Cost Estimation","abhaskar","https://mojo.redhat.com/groups/apac-leadership-expansion-program/projects/red-hat-20-effective-technical-sales"
"1156842","https://mojo.redhat.com/docs/DOC-1026413","ANZ South - SA Cadence - ATesch","abhaskar","https://mojo.redhat.com/groups/anz-sales-and-services"
"1156841","https://mojo.redhat.com/docs/DOC-1026412","ANZ &lt;Region&gt; - SA Cadence - &lt;Name here&gt;","abhaskar","https://mojo.redhat.com/groups/anz-sales-and-services"
"1155775","https://mojo.redhat.com/docs/DOC-1025921","FY16 - ANZ AppDev Objectives","abhaskar","https://mojo.redhat.com/groups/anz-middleware"
"1151746","https://mojo.redhat.com/docs/DOC-1024406","ANZ South - SA Cadence - Jeremy Phuah","abhaskar","https://mojo.redhat.com/groups/anz-sales-and-services"
"1151100","https://mojo.redhat.com/docs/DOC-1024098","Effective Technical Sales - Proof of Concept Process","abhaskar","https://mojo.redhat.com/groups/apac-leadership-expansion-program/projects/red-hat-20-effective-technical-sales"
"1150757","https://mojo.redhat.com/docs/DOC-1023953","FY16 - Focus Accounts","abhaskar","https://mojo.redhat.com/groups/anz-sales-and-services"
"1150313","https://mojo.redhat.com/docs/DOC-1023765","ANZ South - SA Cadence - Bhupesh Arya","abhaskar","https://mojo.redhat.com/groups/anz-sales-and-services"
"1146820","https://mojo.redhat.com/docs/DOC-1022439","CCP Opportunities","abhaskar","https://mojo.redhat.com/groups/rhipe-sales-sync"
"1134742","https://mojo.redhat.com/docs/DOC-1017528","Open Innovation - CCP recruitment presentation","abhaskar","https://mojo.redhat.com/groups/anz-sales-and-services"
"1129175","https://mojo.redhat.com/docs/DOC-1015246","ANZ SA - New Hire 30-60-90 day plan","abhaskar","https://mojo.redhat.com/groups/anz-sales-and-services"
"1129117","https://mojo.redhat.com/docs/DOC-1015216","Data#3 Meeting minutes","abhaskar","https://mojo.redhat.com/groups/data3-sales-sync"
"1129116","https://mojo.redhat.com/docs/DOC-1015215","Data#3 Pre-sales KPIs","abhaskar","https://mojo.redhat.com/groups/data3-sales-sync"
"1129114","https://mojo.redhat.com/docs/DOC-1015214","Data#3 Business Development Activity","abhaskar","https://mojo.redhat.com/groups/data3-sales-sync"
"1126767","https://mojo.redhat.com/docs/DOC-1014055","Meeting Minutes - 10 February 2015","abhaskar","https://mojo.redhat.com/groups/apac-leadership-expansion-program/projects/red-hat-20-effective-technical-sales"
"1118221","https://mojo.redhat.com/docs/DOC-1010232","Meeting minutes - 20 January 2015","abhaskar","https://mojo.redhat.com/groups/apac-leadership-expansion-program/projects/red-hat-20-effective-technical-sales"
"1109889","https://mojo.redhat.com/docs/DOC-1006360","Effective Technical Sales - Proposed Solution Approach","abhaskar","https://mojo.redhat.com/groups/apac-leadership-expansion-program/projects/red-hat-20-effective-technical-sales"
"1109441","https://mojo.redhat.com/docs/DOC-1006164","Email to APAC Pre-sales Managers","abhaskar","https://mojo.redhat.com/groups/apac-leadership-expansion-program/projects/red-hat-20-effective-technical-sales"
"1107709","https://mojo.redhat.com/docs/DOC-1005490","Meeting minutes - 16 December 2014","abhaskar","https://mojo.redhat.com/groups/apac-leadership-expansion-program/projects/red-hat-20-effective-technical-sales"
"1100704","https://mojo.redhat.com/docs/DOC-1002223","Problem Statements","abhaskar","https://mojo.redhat.com/groups/apac-leadership-expansion-program/projects/red-hat-20-effective-technical-sales"
"1095509","https://mojo.redhat.com/groups/anz-sales-and-services/blog/2014/11/17/consulting-pre-sales-interlocking-concerns-pre-sales-perspective","Consulting - Pre-sales Interlocking Concerns (pre-sales perspective)","abhaskar","https://mojo.redhat.com/groups/anz-sales-and-services/blog"
"1094244","https://mojo.redhat.com/docs/DOC-999616","ALEP - Effective Technical Sales - Survey questions for participants","abhaskar","https://mojo.redhat.com/groups/apac-leadership-expansion-program/projects/red-hat-20-effective-technical-sales"
"1094229","https://mojo.redhat.com/docs/DOC-999613","ALEP - Effective Technical Sales - Meeting minutes - 13 Nov 2014","abhaskar","https://mojo.redhat.com/groups/apac-leadership-expansion-program/projects/red-hat-20-effective-technical-sales"
"1090706","https://mojo.redhat.com/docs/DOC-997961","ANZ South - SA Cadence - Mike Hepburn","abhaskar","https://mojo.redhat.com/groups/anz-sales-and-services"
"1069200","https://mojo.redhat.com/docs/DOC-989681","FY15 - ANZ goals","abhaskar","https://mojo.redhat.com/groups/anz-sales-and-services"
"1063909","https://mojo.redhat.com/docs/DOC-987548","Pay it Forward - Ideas Board","abhaskar","https://mojo.redhat.com/groups/apac-leadership-expansion-program/projects/red-hat-20-effective-technical-sales"
"1051337","https://mojo.redhat.com/docs/DOC-981819","ANZ - Sales Portfolio Plan - New Zealand - Air New Zealand","abhaskar","https://mojo.redhat.com/groups/anz-sales-and-services"
"1051335","https://mojo.redhat.com/docs/DOC-981818","ANZ - Sales Portfolio Plan - New Zealand - ACC","abhaskar","https://mojo.redhat.com/groups/anz-sales-and-services"
"1051334","https://mojo.redhat.com/docs/DOC-981817","ANZ - Sales Portfolio Plan - New Zealand - Datacom (as a Customer)","abhaskar","https://mojo.redhat.com/groups/anz-sales-and-services"
"1051333","https://mojo.redhat.com/docs/DOC-981816","ANZ - Sales Portfolio Plan - New Zealand","abhaskar","https://mojo.redhat.com/groups/anz-sales-and-services"
"1051270","https://mojo.redhat.com/docs/DOC-981812","ASEAN test","abhaskar","https://mojo.redhat.com/community/tbd/mojo-archived-spaces/services-parking-lot/tobedeleted/forecasts/forecasts-asean"
"1051269","https://mojo.redhat.com/docs/DOC-981811","Test 1","abhaskar","https://mojo.redhat.com/community/tbd/mojo-archived-spaces/services-parking-lot/tobedeleted/forecasts/forecasts-anz"
"1050656","https://mojo.redhat.com/docs/DOC-981594","ANZ Forecast - Week 11 - Test","abhaskar","https://mojo.redhat.com/groups/apac-services-management"
"1050654","https://mojo.redhat.com/docs/DOC-981601","ANZ - OpenShift skills and interest","abhaskar","https://mojo.redhat.com/groups/apac-enablement"
"1049540","https://mojo.redhat.com/docs/DOC-981122","APAC Leadership Meeting - Aug 2014 - FDE presentation","abhaskar","https://mojo.redhat.com/groups/apac-services-leadership"
"1049150","https://mojo.redhat.com/docs/DOC-980941","APAC Leadership Meeting - Aug 2014 - Pre-sales breakout presentation","abhaskar","https://mojo.redhat.com/groups/apac-services-leadership"
"1049118","https://mojo.redhat.com/docs/DOC-980915","2014 APAC Red Hat Technical Exchange","abhaskar","https://mojo.redhat.com/groups/global-solution-architect-management"
"1049003","https://mojo.redhat.com/docs/DOC-980865","ANZ South - SA Cadence - MKatsiavos","abhaskar","https://mojo.redhat.com/groups/anz-sales-and-services"
"1048537","https://mojo.redhat.com/docs/DOC-980593","Overview","abhaskar","https://mojo.redhat.com/groups/apac-services-leadership"
"1048461","https://mojo.redhat.com/docs/DOC-980576","ANZ - Presales - Enablement matrix","abhaskar","https://mojo.redhat.com/groups/apac-services-management"
"1047380","https://mojo.redhat.com/docs/DOC-980058","Notes and actions from pre-sales breakout","abhaskar","https://mojo.redhat.com/groups/apac-services-leadership-team/projects/pre-sales-leadership-actions-aug-2014"
"1046619","https://mojo.redhat.com/docs/DOC-979687","Collaboration Task - Pre-sales portal","abhaskar","https://mojo.redhat.com/groups/global-solution-architect-management"
"1042586","https://mojo.redhat.com/docs/DOC-977756","Close the loop - ANZ collaboration","abhaskar","https://mojo.redhat.com/groups/global-solution-architect-management"
"1035645","https://mojo.redhat.com/docs/DOC-974570","Overview","abhaskar","https://mojo.redhat.com/groups/global-sa-lc"
"1035639","https://mojo.redhat.com/docs/DOC-974568","Notes from July 2014 meeting - ABhaskar","abhaskar","https://mojo.redhat.com/groups/global-solution-architect-management"
"1034883","https://mojo.redhat.com/docs/DOC-974121","Whiteboard session recordings","abhaskar","https://mojo.redhat.com/groups/global-solution-architect-management"
"1031977","https://mojo.redhat.com/docs/DOC-972554","BNZ - CloudForms Assistance - Project Approach","abhaskar","https://mojo.redhat.com/groups/anz-sales-and-services"
"1031806","https://mojo.redhat.com/docs/DOC-972480","ANZ - Clemens handover - Opportunity list","abhaskar","https://mojo.redhat.com/groups/anz-sales-and-services/projects/clemens-handover"
"1029660","https://mojo.redhat.com/docs/DOC-971389","ANZ - Subject Matter Experts (SME)","abhaskar","https://mojo.redhat.com/groups/anz-sales-and-services"
"1029626","https://mojo.redhat.com/docs/DOC-971383","ANZ North - SA Cadence - Brian Lee","abhaskar","https://mojo.redhat.com/groups/anz-sales-and-services"
"1028963","https://mojo.redhat.com/docs/DOC-970960","ANZ South - SA Cadence - KThompson","abhaskar","https://mojo.redhat.com/groups/anz-sales-and-services"
"1028267","https://mojo.redhat.com/docs/DOC-970593","BNZ - CloudForms Assistance - Consulting Task List","abhaskar","https://mojo.redhat.com/groups/anz-sales-and-services"
"1015612","https://mojo.redhat.com/docs/DOC-965454","New Zealand - FY15 - GLS Training Schedule","abhaskar","https://mojo.redhat.com/groups/anz-sales-and-services"
"1009618","https://mojo.redhat.com/docs/DOC-962612","VIC CoE - Achieving the goal","abhaskar","https://mojo.redhat.com/groups/vic-oscoe"
"1009604","https://mojo.redhat.com/docs/DOC-962611","VIC CoE - Goal","abhaskar","https://mojo.redhat.com/groups/vic-oscoe"
"1002159","https://mojo.redhat.com/docs/DOC-959559","ANZ - William Henry - Executive Visit - Jun 16 to 20, 2014","abhaskar","https://mojo.redhat.com/groups/anz-sales-and-services"
"1002130","https://mojo.redhat.com/docs/DOC-959553","FY14 - ANZ Middleware goals","abhaskar","https://mojo.redhat.com/groups/anz-middleware"
"1001470","https://mojo.redhat.com/docs/DOC-959232","FY15 - ANZ - Internal Sales Enablement Workshops","abhaskar","https://mojo.redhat.com/groups/anz-sales-and-services"
"1001469","https://mojo.redhat.com/docs/DOC-959231","FY15 - ANZ OpenStack numbers","abhaskar","https://mojo.redhat.com/groups/anz-sales-and-services"
"1001468","https://mojo.redhat.com/docs/DOC-959220","FY15 - ANZ OpenShift numbers","abhaskar","https://mojo.redhat.com/groups/anz-sales-and-services"
"1001458","https://mojo.redhat.com/docs/DOC-959216","ANZ SA Cadence","abhaskar","https://mojo.redhat.com/groups/anz-sales-and-services"
"998613","https://mojo.redhat.com/docs/DOC-957846","ANZ SA Cadence - 29 April 2014","abhaskar","https://mojo.redhat.com/groups/anz-sales-and-services"
"998542","https://mojo.redhat.com/docs/DOC-957814","Melbourne Sales - Team Building - Apr 2014","abhaskar","https://mojo.redhat.com/groups/anz-sales-and-services"
"991942","https://mojo.redhat.com/docs/DOC-956212","ANZ South - SA Cadence - ABhaskar","abhaskar","https://mojo.redhat.com/groups/anz-sales-and-services"
"991907","https://mojo.redhat.com/docs/DOC-956191","ANZ South - SA Cadence - STuohey","abhaskar","https://mojo.redhat.com/groups/anz-sales-and-services"
"991906","https://mojo.redhat.com/docs/DOC-956180","ANZ South - SA Cadence - Jerome Marc","abhaskar","https://mojo.redhat.com/groups/anz-sales-and-services"
"991904","https://mojo.redhat.com/docs/DOC-956179","ANZ South - SA Cadence - CBerndt","abhaskar","https://mojo.redhat.com/groups/anz-sales-and-services"
"991897","https://mojo.redhat.com/docs/DOC-956176","ANZ South - SA Cadence - Kunal Limaye","abhaskar","https://mojo.redhat.com/groups/anz-sales-and-services"
"991894","https://mojo.redhat.com/docs/DOC-956175","ANZ South - SA Cadence - Mark Meierjohann","abhaskar","https://mojo.redhat.com/groups/anz-sales-and-services"
"983357","https://mojo.redhat.com/docs/DOC-951912","Services Excellence: Definition - Key Accounts","abhaskar","https://mojo.redhat.com/groups/apac-services-excellence/projects/80-20-multi-product-pocs-at-key-accounts"
"983209","https://mojo.redhat.com/docs/DOC-951853","Services Excellence: Definition - Multi-product","abhaskar","https://mojo.redhat.com/groups/apac-services-excellence/projects/80-20-multi-product-pocs-at-key-accounts"
"983207","https://mojo.redhat.com/docs/DOC-951852","Services Excellence: Definition - Proof of Concept","abhaskar","https://mojo.redhat.com/groups/apac-services-excellence/projects/80-20-multi-product-pocs-at-key-accounts"
"982071","https://mojo.redhat.com/docs/DOC-951268","[DRAFT] ANZ - Pre-sales Service Catalogue","abhaskar","https://mojo.redhat.com/groups/anz-sales-and-services"
"980164","https://mojo.redhat.com/docs/DOC-950237","ANZ South - SA Cadence - Steven Ellis","abhaskar","https://mojo.redhat.com/groups/anz-sales-and-services"
"978940","https://mojo.redhat.com/docs/DOC-949625","ANZ - Cloud Partners","abhaskar","https://mojo.redhat.com/groups/anz-sales-and-services"
"978932","https://mojo.redhat.com/docs/DOC-949622","FY15 - ANZ Key Account list","abhaskar","https://mojo.redhat.com/groups/anz-sales-and-services"
"978929","https://mojo.redhat.com/docs/DOC-949621","FY15 - ANZ Cloud numbers","abhaskar","https://mojo.redhat.com/groups/anz-sales-and-services"
"978396","https://mojo.redhat.com/docs/DOC-949328","FY15 - Domain Architect accounts","abhaskar","https://mojo.redhat.com/groups/anz-sales-and-services"
"978313","https://mojo.redhat.com/docs/DOC-949271","FY15 - ANZ Cloud goals","abhaskar","https://mojo.redhat.com/groups/anz-sales-and-services"
"976302","https://mojo.redhat.com/docs/DOC-948324","Useful links - ANZ Sales and Services","abhaskar","https://mojo.redhat.com/groups/anz-sales-and-services"
"972625","https://mojo.redhat.com/docs/DOC-946412","Topics to present at SKO15","abhaskar",""
"971899","https://mojo.redhat.com/docs/DOC-946025","JBoss Health Check - Appendix 3","abhaskar","https://mojo.redhat.com/groups/anz-sales-and-services/projects/statements-of-work"
"966973","https://mojo.redhat.com/docs/DOC-943355","Contact Energy - RFP Response - ABhaskar items","abhaskar","https://mojo.redhat.com/groups/anz-sales-and-services/projects/contact-energy-esb-rfp"
"962811","https://mojo.redhat.com/docs/DOC-941394","Customer experience and engagement - presentation","abhaskar","https://mojo.redhat.com/groups/anz-sales-and-services/projects/anz-tech-interlock-feb-2014"
"960986","https://mojo.redhat.com/docs/DOC-940584","Keeping track of the GSS enablement calendar","abhaskar","https://mojo.redhat.com/groups/anz-sales-and-services/projects/anz-tech-interlock-feb-2014"
"960985","https://mojo.redhat.com/docs/DOC-940583","Technical and deep-dive enablement","abhaskar","https://mojo.redhat.com/groups/anz-sales-and-services/projects/anz-tech-interlock-feb-2014"
"960984","https://mojo.redhat.com/docs/DOC-940582","Associate Development Plan / Individual Development Plan session","abhaskar","https://mojo.redhat.com/groups/anz-sales-and-services/projects/anz-tech-interlock-feb-2014"
"960982","https://mojo.redhat.com/docs/DOC-940580","Partner portal walkthrough and usage","abhaskar","https://mojo.redhat.com/groups/anz-sales-and-services/projects/anz-tech-interlock-feb-2014"
"960981","https://mojo.redhat.com/docs/DOC-940579","Inviting GSS resources to Interlock","abhaskar","https://mojo.redhat.com/groups/anz-sales-and-services/projects/anz-tech-interlock-feb-2014"
"960977","https://mojo.redhat.com/docs/DOC-940577","Short form GLS courses","abhaskar","https://mojo.redhat.com/groups/anz-sales-and-services/projects/anz-tech-interlock-feb-2014"
"960976","https://mojo.redhat.com/docs/DOC-940576","GSS collaboration process","abhaskar","https://mojo.redhat.com/groups/anz-sales-and-services/projects/anz-tech-interlock-feb-2014"
"960975","https://mojo.redhat.com/docs/DOC-940575","Customer centric lab environments","abhaskar","https://mojo.redhat.com/groups/anz-sales-and-services/projects/anz-tech-interlock-feb-2014"
"960971","https://mojo.redhat.com/docs/DOC-940574","Subject Matter Experts (SME) - definitions and roles &amp; responsibilities","abhaskar","https://mojo.redhat.com/groups/anz-sales-and-services/projects/anz-tech-interlock-feb-2014"
"960968","https://mojo.redhat.com/docs/DOC-940573","OS1 Public and Internal Clouds","abhaskar","https://mojo.redhat.com/groups/anz-sales-and-services/projects/anz-tech-interlock-feb-2014"
"960965","https://mojo.redhat.com/docs/DOC-940571","Debrief questions and answers","abhaskar","https://mojo.redhat.com/groups/anz-sales-and-services/projects/anz-tech-interlock-feb-2014"
"960897","https://mojo.redhat.com/docs/DOC-940552","Target - Fuse Health Check - Task list","abhaskar","https://mojo.redhat.com/groups/anz-sales-and-services"
"960441","https://mojo.redhat.com/docs/DOC-940332","Staples - Satellite Health Check - App3","abhaskar","https://mojo.redhat.com/groups/anz-sales-and-services/projects/statements-of-work"
"956607","https://mojo.redhat.com/docs/DOC-938878","Middleware monthly call - 4 Feb","abhaskar","https://mojo.redhat.com/groups/anz-middleware"
"946806","https://mojo.redhat.com/docs/DOC-934399","Consulting / SA Interlock - Feb 2014 - Lodging sheet","abhaskar","https://mojo.redhat.com/groups/anz-sales-and-services"
"946632","https://mojo.redhat.com/docs/DOC-934327","Technical enablement - FSW, DV, BPMS - 6-10 Jan 2014","abhaskar","https://mojo.redhat.com/groups/anz-middleware"
"946624","https://mojo.redhat.com/docs/DOC-934323","Consulting / SA Interlock - Feb 2014 - Agenda","abhaskar","https://mojo.redhat.com/groups/anz-sales-and-services/projects/anz-tech-interlock-feb-2014"
"943568","https://mojo.redhat.com/docs/DOC-933146","Middleware monthly call - Jan 7","abhaskar","https://mojo.redhat.com/groups/anz-middleware"
"939803","https://mojo.redhat.com/docs/DOC-931342","Vimal Kansal - SOQ","abhaskar","https://mojo.redhat.com/groups/statement-of-qualifications"
"935834","https://mojo.redhat.com/docs/DOC-929705","Middleware Services logistics - December 11 2013","abhaskar","https://mojo.redhat.com/groups/anz-sales-and-services"
"933153","https://mojo.redhat.com/docs/DOC-928471","Western Power - BRMS RFP Response Overview","abhaskar","https://mojo.redhat.com/groups/anz-sales-and-services/projects/western-power-business-rules-rfp"
"933152","https://mojo.redhat.com/docs/DOC-928470","4. Functional Requirements","abhaskar","https://mojo.redhat.com/groups/anz-sales-and-services/projects/western-power-business-rules-rfp"
"930253","https://mojo.redhat.com/docs/DOC-927089","FY15 Plan - Ground Up","abhaskar","https://mojo.redhat.com/groups/anz-re-organisation"
"930233","https://mojo.redhat.com/docs/DOC-927084","Storage - Secondary Focus","abhaskar","https://mojo.redhat.com/groups/anz-re-organisation"
"930232","https://mojo.redhat.com/docs/DOC-927083","JBoss BRMS / BPMS - Secondary Focus","abhaskar","https://mojo.redhat.com/groups/anz-re-organisation"
"930231","https://mojo.redhat.com/docs/DOC-927082","CloudForms / Management - Primary Focus","abhaskar","https://mojo.redhat.com/groups/anz-re-organisation"
"930229","https://mojo.redhat.com/docs/DOC-927081","Integration - Primary Focus","abhaskar","https://mojo.redhat.com/groups/anz-re-organisation"
"930228","https://mojo.redhat.com/docs/DOC-927070","OpenStack - Primary Focus","abhaskar","https://mojo.redhat.com/groups/anz-re-organisation"
"930227","https://mojo.redhat.com/docs/DOC-927069","OpenShift Enterprise - Primary Focus","abhaskar","https://mojo.redhat.com/groups/anz-re-organisation"
"930226","https://mojo.redhat.com/docs/DOC-927068","JBoss EAP - Baseline Focus","abhaskar","https://mojo.redhat.com/groups/anz-re-organisation"
"930225","https://mojo.redhat.com/docs/DOC-927067","RHEL - Baseline Focus","abhaskar","https://mojo.redhat.com/groups/anz-re-organisation"
"930223","https://mojo.redhat.com/docs/DOC-927066","People - Roles and Practice Areas","abhaskar","https://mojo.redhat.com/groups/anz-re-organisation"
"930210","https://mojo.redhat.com/docs/DOC-927065","Individual Contributor","abhaskar","https://mojo.redhat.com/groups/anz-re-organisation"
"930209","https://mojo.redhat.com/docs/DOC-927064","Technical Specialist","abhaskar","https://mojo.redhat.com/groups/anz-re-organisation"
"930202","https://mojo.redhat.com/docs/DOC-927063","Team Roles and Definitions","abhaskar","https://mojo.redhat.com/groups/anz-re-organisation"
"930194","https://mojo.redhat.com/docs/DOC-927062","Practice Lead / Change Architect","abhaskar","https://mojo.redhat.com/groups/anz-re-organisation"
"927520","https://mojo.redhat.com/docs/DOC-925900","Overview","abhaskar","https://mojo.redhat.com/groups/anz-sales-and-services/projects/anz-senior-specialist-emerging-technologies-middleware"
"927515","https://mojo.redhat.com/docs/DOC-925898","Meeting minutes - Nov 22, 2013","abhaskar","https://mojo.redhat.com/groups/anz-sales-and-services/projects/anz-senior-specialist-emerging-technologies-middleware"
"926839","https://mojo.redhat.com/docs/DOC-925627","Middleware Product Pricing Changes","abhaskar","https://mojo.redhat.com/groups/anz-sales-and-services"
"69518","https://mojo.redhat.com/docs/DOC-30932","Middleware monthly call - Nov 8","abhaskar","https://mojo.redhat.com/groups/anz-middleware"
"67996","https://mojo.redhat.com/docs/DOC-30252","FY14 APAC Forward Deployed Engineers","abhaskar","https://mojo.redhat.com/groups/forward-deployed-engineering/projects/fy14-apac-forward-deployed-engineering"
"58628","https://mojo.redhat.com/docs/DOC-25493","Middleware monthly call - Oct 1","abhaskar","https://mojo.redhat.com/groups/anz-middleware"
"55566","https://mojo.redhat.com/docs/DOC-23875","Overview","abhaskar","https://mojo.redhat.com/groups/apac-services-excellence"
"55555","https://mojo.redhat.com/docs/DOC-23873","Baseline metrics - ASEAN","abhaskar","https://mojo.redhat.com/groups/apac-services-excellence/projects/80-20-multi-product-pocs-at-key-accounts"
"55554","https://mojo.redhat.com/docs/DOC-23872","Baseline metrics - Japan","abhaskar","https://mojo.redhat.com/groups/apac-services-excellence/projects/80-20-multi-product-pocs-at-key-accounts"
"55553","https://mojo.redhat.com/docs/DOC-23871","Baseline metrics - India","abhaskar","https://mojo.redhat.com/groups/apac-services-excellence/projects/80-20-multi-product-pocs-at-key-accounts"
"55552","https://mojo.redhat.com/docs/DOC-23870","Baseline metrics - Korea","abhaskar","https://mojo.redhat.com/groups/apac-services-excellence/projects/80-20-multi-product-pocs-at-key-accounts"
"55551","https://mojo.redhat.com/docs/DOC-23869","Baseline metrics - GCG","abhaskar","https://mojo.redhat.com/groups/apac-services-excellence/projects/80-20-multi-product-pocs-at-key-accounts"
"55549","https://mojo.redhat.com/docs/DOC-23867","Baseline metrics - ANZ","abhaskar","https://mojo.redhat.com/groups/apac-services-excellence/projects/80-20-multi-product-pocs-at-key-accounts"
"55503","https://mojo.redhat.com/docs/DOC-23862","Overview","abhaskar","https://mojo.redhat.com/groups/apac-services-excellence/projects/80-20-multi-product-pocs-at-key-accounts"
"55211","https://mojo.redhat.com/docs/DOC-23703","Services Delivery - Practice goals overview","abhaskar","https://mojo.redhat.com/groups/anz-middleware-delivery-practices"
"50725","https://mojo.redhat.com/docs/DOC-21504","APAC FDE Candidate - Ken Sugawara","abhaskar","https://mojo.redhat.com/groups/forward-deployed-engineering/projects/fy14-apac-forward-deployed-engineering"
"50724","https://mojo.redhat.com/docs/DOC-21503","APAC FDE Candidate - Satoru Sato","abhaskar","https://mojo.redhat.com/groups/forward-deployed-engineering/projects/fy14-apac-forward-deployed-engineering"
"50723","https://mojo.redhat.com/docs/DOC-21502","APAC FDE Candidate - Pradeep Subramanian","abhaskar","https://mojo.redhat.com/groups/forward-deployed-engineering/projects/fy14-apac-forward-deployed-engineering"
"50722","https://mojo.redhat.com/docs/DOC-21501","APAC FDE Candidate - Noel O'Connor","abhaskar","https://mojo.redhat.com/groups/forward-deployed-engineering/projects/fy14-apac-forward-deployed-engineering"
"49080","https://mojo.redhat.com/docs/DOC-20666","FY14 Services Excellence projects","abhaskar","https://mojo.redhat.com/groups/apac-services-management/projects/fy14-services-excellence"
"45553","https://mojo.redhat.com/docs/DOC-18891","Telstra Cirrus RFPP - Response overview","abhaskar","https://mojo.redhat.com/groups/telstra-team/projects/telstra-cirrus-rfpp"
"45006","https://mojo.redhat.com/docs/DOC-18632","ANZ Middleware Consulting monthly call - Aug 14","abhaskar","https://mojo.redhat.com/groups/anz-middleware"
"44473","https://mojo.redhat.com/docs/DOC-18346","Macquarie Bank - JBoss EAP SOE Assistance - Task list and pricing","abhaskar","https://mojo.redhat.com/groups/anz-middleware"
"44469","https://mojo.redhat.com/docs/DOC-18344","Akhil's Streams","abhaskar",""
"42977","https://mojo.redhat.com/docs/DOC-17646","David Faulkner - transition plan","abhaskar","https://mojo.redhat.com/groups/apac-services-management"
"42705","https://mojo.redhat.com/docs/DOC-17521","Middleware monthly call - Aug 6","abhaskar","https://mojo.redhat.com/groups/anz-middleware"
"41618","https://mojo.redhat.com/docs/DOC-17008","National Australia Bank (NAB) - Process mentoring","abhaskar","https://mojo.redhat.com/groups/anz-middleware"
"242023","https://mojo.redhat.com/docs/DOC-185411","Messaging strategy - Airservices Australia","abhaskar","https://mojo.redhat.com/groups/anz-sales-and-services"
"242014","https://mojo.redhat.com/docs/DOC-185409","Messaging strategy - Optus","abhaskar","https://mojo.redhat.com/groups/anz-sales-and-services"
"242011","https://mojo.redhat.com/docs/DOC-185408","Messaging strategy - Telstra","abhaskar","https://mojo.redhat.com/groups/anz-sales-and-services"
"40876","https://mojo.redhat.com/docs/DOC-16695","ANZ Middleware - following the discussions","abhaskar","https://mojo.redhat.com/groups/anz-middleware"
"40653","https://mojo.redhat.com/docs/DOC-16611","Department of Health and Human Services Tasmania eHealth integration platform - RFI","abhaskar","https://mojo.redhat.com/groups/anz-middleware"
"39913","https://mojo.redhat.com/docs/DOC-16291","EPIC open-source project - goals","abhaskar","https://mojo.redhat.com/community/consulting-customer-training/services-clients-engagements/telstra/projects/telstra-epic-open-sourcing-service-assembly-engine"
"39315","https://mojo.redhat.com/docs/DOC-16107","APAC Forward Deployed Engineer Program Overview","abhaskar","https://mojo.redhat.com/groups/forward-deployed-engineering/projects/fy14-apac-forward-deployed-engineering"
"37941","https://mojo.redhat.com/docs/DOC-15568","July 2014 - ANZ presentation","abhaskar",""
"37749","https://mojo.redhat.com/docs/DOC-15468","FY14 Compass guide","abhaskar","https://mojo.redhat.com/groups/anz-middleware"
"37591","https://mojo.redhat.com/docs/DOC-15415","FY14 - Capability offerings","abhaskar","https://mojo.redhat.com/groups/anz-middleware"
"37564","https://mojo.redhat.com/docs/DOC-15388","Propellerhead","abhaskar","https://mojo.redhat.com/groups/anz-sales-and-services"
"37401","https://mojo.redhat.com/docs/DOC-15331","EPIC - hours burn rate","abhaskar","https://mojo.redhat.com/community/consulting-customer-training/services-clients-engagements/telstra/projects/epic-formerly-dccn"
"37179","https://mojo.redhat.com/docs/DOC-15226","Middleware monthly call - July 2","abhaskar","https://mojo.redhat.com/groups/anz-middleware"
"37054","https://mojo.redhat.com/docs/DOC-15194","Services panel - RFP response","abhaskar","https://mojo.redhat.com/groups/telstra-team"
"37053","https://mojo.redhat.com/docs/DOC-15193","Services panel - Case study documents","abhaskar","https://mojo.redhat.com/groups/telstra-team"
"37052","https://mojo.redhat.com/docs/DOC-15192","Services Panel - Project management capability response","abhaskar","https://mojo.redhat.com/groups/soa-services-esb"
"37051","https://mojo.redhat.com/docs/DOC-15191","Services panel - Capability matrix response","abhaskar","https://mojo.redhat.com/groups/telstra-team"
"37050","https://mojo.redhat.com/docs/DOC-15180","Telstra Australia","abhaskar","https://mojo.redhat.com/groups/anz-middleware"
"36582","https://mojo.redhat.com/docs/DOC-14949","FY14 - ANZ Marketing Plan","abhaskar","https://mojo.redhat.com/groups/anz-middleware/projects/marketing"
"36560","https://mojo.redhat.com/docs/DOC-14957","ANZ Consulting - Communications","abhaskar","https://mojo.redhat.com/groups/anz-middleware"
"36559","https://mojo.redhat.com/docs/DOC-14956","FY14 Consulting Goals","abhaskar","https://mojo.redhat.com/groups/anz-middleware"
"36552","https://mojo.redhat.com/docs/DOC-14954","ANZ Consulting - Skills matrix","abhaskar",""
"36101","https://mojo.redhat.com/docs/DOC-14722","EPIC - Phase 2 Justification","abhaskar","https://mojo.redhat.com/groups/telstra-team"
"34958","https://mojo.redhat.com/docs/DOC-14299","FY14 - Marketing Calendar","abhaskar","https://mojo.redhat.com/groups/anz-middleware/projects/marketing"
"34821","https://mojo.redhat.com/docs/DOC-14261","TCS","abhaskar","https://mojo.redhat.com/groups/anz-middleware"
"34820","https://mojo.redhat.com/docs/DOC-14240","Wipro","abhaskar","https://mojo.redhat.com/groups/anz-middleware"
"34815","https://mojo.redhat.com/docs/DOC-14239","Migration to JBoss - engagement approach","abhaskar","https://mojo.redhat.com/groups/anz-middleware"
"236448","https://mojo.redhat.com/docs/DOC-179993","RFx Response - Example - Telstra - EPIC Phase 2","abhaskar","https://mojo.redhat.com/groups/proposalpedia-community-of-practice/projects/proposalpedia-approved-collateral"
"34601","https://mojo.redhat.com/docs/DOC-14134","Woolworths Australia","abhaskar","https://mojo.redhat.com/groups/anz-sales-and-services"
"34482","https://mojo.redhat.com/docs/DOC-14069","FY14 - ANZ Middleware Services (Consulting v Training) numbers","abhaskar","https://mojo.redhat.com/groups/anz-middleware"
"34345","https://mojo.redhat.com/docs/DOC-14021","FY14 - Domain Architect plans","abhaskar","https://mojo.redhat.com/groups/anz-middleware"
"34344","https://mojo.redhat.com/docs/DOC-13980","FY14 - ANZ Middleware numbers","abhaskar","https://mojo.redhat.com/groups/anz-middleware"
"34133","https://mojo.redhat.com/docs/DOC-13942","ANZ - OpenShift Enterprise - Target customers","abhaskar","https://mojo.redhat.com/groups/anz-middleware"
"34125","https://mojo.redhat.com/docs/DOC-13939","ANZ - JBoss Partners - Account mapping","abhaskar","https://mojo.redhat.com/groups/anz-middleware"
"33815","https://mojo.redhat.com/docs/DOC-13822","JBoss Fuse training - proposed partners","abhaskar","https://mojo.redhat.com/groups/anz-middleware"
"33814","https://mojo.redhat.com/docs/DOC-13821","Partner list selection and next steps","abhaskar","https://mojo.redhat.com/groups/anz-middleware"
"33513","https://mojo.redhat.com/docs/DOC-13705","Partner enablement - questions to ask","abhaskar","https://mojo.redhat.com/groups/anz-middleware"
"33467","https://mojo.redhat.com/docs/DOC-13695","The Marlo Group","abhaskar","https://mojo.redhat.com/groups/anz-middleware"
"33461","https://mojo.redhat.com/docs/DOC-13694","FY14 - ANZ Middleware accounts","abhaskar","https://mojo.redhat.com/groups/anz-middleware"
"33459","https://mojo.redhat.com/docs/DOC-13693","FY15 - ANZ Middleware goals","abhaskar","https://mojo.redhat.com/groups/anz-middleware"
"33173","https://mojo.redhat.com/docs/DOC-13563","Middleware monthly call - May 21","abhaskar","https://mojo.redhat.com/groups/anz-middleware"
"33170","https://mojo.redhat.com/docs/DOC-13561","Middleware monthly call - Apr 2","abhaskar","https://mojo.redhat.com/groups/anz-middleware"
"33169","https://mojo.redhat.com/docs/DOC-13550","Middleware monthly call - Mar 5","abhaskar","https://mojo.redhat.com/groups/anz-middleware"
"33168","https://mojo.redhat.com/docs/DOC-13549","Middleware monthly call - Feb 5","abhaskar","https://mojo.redhat.com/groups/anz-middleware"
"235870","https://mojo.redhat.com/docs/DOC-177840","Useful Links: JBoss Windup - Migration Toolkit","abhaskar","https://mojo.redhat.com/community/consulting-customer-training/services-internal-enablement"
"234822","https://mojo.redhat.com/docs/DOC-177079","Telstra EPIC - Phase 2 planning","abhaskar","https://mojo.redhat.com/groups/anz-sales-and-services"
"233021","https://mojo.redhat.com/docs/DOC-175603","Telstra EPIC - the Red Hat story","abhaskar","https://mojo.redhat.com/groups/anz-sales-and-services"
"232048","https://mojo.redhat.com/docs/DOC-174304","Community project names vs. Enterprise products","abhaskar","https://mojo.redhat.com/groups/anz-sales-and-services"
"231700","https://mojo.redhat.com/docs/DOC-173779","ANZ - JBoss Partners - candidate list","abhaskar","https://mojo.redhat.com/community/old_docspace/departments/sales/anz-partners"
"231696","https://mojo.redhat.com/docs/DOC-173778","Oakton","abhaskar","https://mojo.redhat.com/community/old_docspace/departments/sales/anz-partners"
"230928","https://mojo.redhat.com/docs/DOC-173595","ANZ Middleware - Key Accounts FY14Q1","abhaskar","https://mojo.redhat.com/groups/anz-sales-and-services"
"230924","https://mojo.redhat.com/docs/DOC-173594","ANZ Middleware - Key Accounts FY13Q4","abhaskar","https://mojo.redhat.com/groups/anz-sales-and-services"
"230796","https://mojo.redhat.com/docs/DOC-173559","Interlock April 2013 - Open discussion notes","abhaskar","https://mojo.redhat.com/groups/anz-sales-and-services"
"230776","https://mojo.redhat.com/docs/DOC-173554","Lighthouse customers - ANZ","abhaskar","https://mojo.redhat.com/groups/anz-sales-and-services"
"230769","https://mojo.redhat.com/docs/DOC-173552","OpenShift Enterprise - approved customers in ANZ","abhaskar","https://mojo.redhat.com/groups/anz-sales-and-services"
"230592","https://mojo.redhat.com/docs/DOC-173507","ANZ space - news","abhaskar","https://mojo.redhat.com/groups/anz-sales-and-services"
"231797","https://mojo.redhat.com/docs/DOC-173296","ANZ space - information","abhaskar","https://mojo.redhat.com/groups/anz-sales-and-services"
"230917","https://mojo.redhat.com/docs/DOC-173065","Tech Conference 2013 - ANZ requests","abhaskar","https://mojo.redhat.com/groups/anz-sales-and-services"
"229152","https://mojo.redhat.com/docs/DOC-172407","Middleware Sales Interlock - Apr 2013","abhaskar","https://mojo.redhat.com/groups/anz-sales-and-services"
"227516","https://mojo.redhat.com/docs/DOC-170173","Demo guide - Template","abhaskar","https://mojo.redhat.com/groups/anz-sales-and-services"
"213701","https://mojo.redhat.com/docs/DOC-154565","Topics for Kris Verlaenen - Wed, Nov 21","abhaskar","https://mojo.redhat.com/groups/anz-sales-and-services"
"213693","https://mojo.redhat.com/docs/DOC-154563","Reducing Middleware costs - presented at the Intel conference","abhaskar","https://mojo.redhat.com/groups/anz-sales-and-services"
"206662","https://mojo.redhat.com/docs/DOC-149094","Consulting / SA Interlock - Oct 2012","abhaskar","https://mojo.redhat.com/groups/anz-sales-and-services"
"199065","https://mojo.redhat.com/docs/DOC-140745","Victoria SRO - RFP Response","abhaskar","https://mojo.redhat.com/community/consulting-customer-training/consulting-support/services-presales"
"195874","https://mojo.redhat.com/docs/DOC-137094","JBoss Enterprise Middleware - datasheet","abhaskar","https://mojo.redhat.com/community/consulting-customer-training/consulting-support/services-presales"
"185117","https://mojo.redhat.com/docs/DOC-126156","FMG - JBoss Platform Setup and Mentoring","abhaskar","https://mojo.redhat.com/groups/anz-sales-and-services"
"184283","https://mojo.redhat.com/docs/DOC-125628","JBoss Middleware SOE - Brochure","abhaskar","https://mojo.redhat.com/groups/rhc-collaboration/projects/standard-operating-environment"
"182908","https://mojo.redhat.com/docs/DOC-123580","ANZ - EAP6 Early Access Candidates ALPHA2","abhaskar","https://mojo.redhat.com/groups/anz-sales-and-services"
"182367","https://mojo.redhat.com/docs/DOC-123445","Presentation: Red Hat - Enterprise Middleware Overview.odp","abhaskar","https://mojo.redhat.com/community/consulting-customer-training/consulting-support/services-presales"
"181374","https://mojo.redhat.com/docs/DOC-123016","Optimation - JBoss Middleware - Overview","abhaskar","https://mojo.redhat.com/groups/anz-sales-and-services"
"181876","https://mojo.redhat.com/docs/DOC-122495","Solutions Architect - onboarding","abhaskar","https://mojo.redhat.com/groups/anz-sales-and-services"
"181083","https://mojo.redhat.com/docs/DOC-122012","Toll Holdings - Enterprise Agreement Jan 2012","abhaskar","https://mojo.redhat.com/groups/anz-sales-and-services"
"175785","https://mojo.redhat.com/docs/DOC-117020","BNZ - JBoss Migration Assistance - Pricing And Task List","abhaskar","https://mojo.redhat.com/groups/anz-sales-and-services"
"171810","https://mojo.redhat.com/docs/DOC-113393","Engagement Approach - Example - Fault Hardening jBPM - Verizon","abhaskar","https://mojo.redhat.com/groups/proposalpedia-community-of-practice/projects/proposalpedia-approved-collateral"
"172208","https://mojo.redhat.com/docs/DOC-112791","Tech Conference 2011 - ANZ Session: Solution Architect","abhaskar","https://mojo.redhat.com/groups/anz-sales-and-services"
"169128","https://mojo.redhat.com/docs/DOC-108773","Tech Conference 2011 - Arrival/departure details","abhaskar","https://mojo.redhat.com/groups/anz-sales-and-services"
"168531","https://mojo.redhat.com/docs/DOC-108621","Empired - Red Hat JBoss Overview - Presentation","abhaskar","https://mojo.redhat.com/groups/anz-sales-and-services"
"167787","https://mojo.redhat.com/docs/DOC-108168","Howto: Using AutoCorrect in LibreOffice","abhaskar",""
"166850","https://mojo.redhat.com/docs/DOC-107578","Tech Conference 2011 - ANZ Session: Lightning Talk","abhaskar","https://mojo.redhat.com/groups/anz-sales-and-services"
"166846","https://mojo.redhat.com/docs/DOC-107577","Tech Conference 2011 - ANZ Session: Red Hat SOE","abhaskar","https://mojo.redhat.com/groups/anz-sales-and-services"
"166842","https://mojo.redhat.com/docs/DOC-107576","Tech Conference 2011 - ANZ Session: Amentra 101","abhaskar","https://mojo.redhat.com/groups/anz-sales-and-services"
"166833","https://mojo.redhat.com/docs/DOC-107574","Tech Conference 2011 - ANZ Session: Consulting 101","abhaskar","https://mojo.redhat.com/groups/anz-sales-and-services"
"168496","https://mojo.redhat.com/docs/DOC-107172","HP ES - Red Hat JBoss Overview - Presentation","abhaskar","https://mojo.redhat.com/groups/anz-sales-and-services"
"167020","https://mojo.redhat.com/docs/DOC-106798","DET - Component Interaction Diagrams","abhaskar","https://mojo.redhat.com/community/consulting-customer-training/services-clients-engagements/nsw-det/projects/nsw-dept-of-education-and-training-platform-soe-and-migration-assistance-phase-1"
"167016","https://mojo.redhat.com/docs/DOC-106797","DET - Current Procedures Capture","abhaskar","https://mojo.redhat.com/community/consulting-customer-training/services-clients-engagements/nsw-det/projects/nsw-dept-of-education-and-training-platform-soe-and-migration-assistance-phase-1"
"167012","https://mojo.redhat.com/docs/DOC-106796","DET - Migration Cookbook","abhaskar","https://mojo.redhat.com/community/consulting-customer-training/services-clients-engagements/nsw-det/projects/nsw-dept-of-education-and-training-platform-soe-and-migration-assistance-phase-1"
"167007","https://mojo.redhat.com/docs/DOC-106795","DET - Platform High Level Design","abhaskar","https://mojo.redhat.com/community/consulting-customer-training/services-clients-engagements/nsw-det/projects/nsw-dept-of-education-and-training-platform-soe-and-migration-assistance-phase-1"
"165935","https://mojo.redhat.com/docs/DOC-105945","Presentation: Red Hat Consulting Engagement Models and Pricing.odp","abhaskar","https://mojo.redhat.com/community/consulting-customer-training/consulting-support/services-presales"
"165235","https://mojo.redhat.com/docs/DOC-104488","BRMS lifecycle","abhaskar","https://mojo.redhat.com/community/consulting-customer-training/services-internal-enablement/services-technical-knowledge-base"
"164231","https://mojo.redhat.com/docs/DOC-104209","Workshops Overview","abhaskar","https://mojo.redhat.com/community/old_docspace/bu/middleware/marketing/developer_event_planning/apac/projects/jboss-workshops-japananz-sep-2011"
"164335","https://mojo.redhat.com/docs/DOC-104081","PaaS Questions - Alan Ho","abhaskar",""
"163027","https://mojo.redhat.com/docs/DOC-103735","APAC Special Interest Groups (SIG)","abhaskar","https://mojo.redhat.com/community/consulting-customer-training/services-to-be-deleted-content"
"162906","https://mojo.redhat.com/docs/DOC-103707","BNZ Workshop Agenda and Timelines","abhaskar","https://mojo.redhat.com/groups/anz-sales-and-services"
"163203","https://mojo.redhat.com/docs/DOC-103045","Presentation: WebSphere to JBoss Migration","abhaskar","https://mojo.redhat.com/community/consulting-customer-training/services-internal-enablement"
"162884","https://mojo.redhat.com/docs/DOC-102594","Red Hat WebLogic Migration Questionnaire","abhaskar","https://mojo.redhat.com/community/consulting-customer-training/services-internal-enablement/services-technical-knowledge-base"
"162653","https://mojo.redhat.com/docs/DOC-102127","Tech Conference 2011 - Thoughts","abhaskar","https://mojo.redhat.com/groups/apac-services-events/projects/tech-conference-2011"
"160930","https://mojo.redhat.com/docs/DOC-100930","ANZ Services Meeting 2011 - Agenda","abhaskar","https://mojo.redhat.com/groups/anz-sales-and-services"
"160028","https://mojo.redhat.com/docs/DOC-99509","Red Hat - Customer Skills Assessment Questionnaire","abhaskar","https://mojo.redhat.com/community/consulting-customer-training/consulting-support"
"159895","https://mojo.redhat.com/docs/DOC-99476","Red Hat WebSphere Migration Questionnaire","abhaskar","https://mojo.redhat.com/community/consulting-customer-training/services-internal-enablement/services-technical-knowledge-base"
"153225","https://mojo.redhat.com/docs/DOC-92055","How To Setup a Basic JON 2.4 Installation","abhaskar","https://mojo.redhat.com/groups/anz-sales-and-services"
"152444","https://mojo.redhat.com/docs/DOC-91579","APAC Services - Useful Links","abhaskar","https://mojo.redhat.com/community/consulting-customer-training/apac-services"
"150252","https://mojo.redhat.com/docs/DOC-89066","YTL Communications - Architecture Review Report","abhaskar","https://mojo.redhat.com/community/consulting-customer-training/services-clients-engagements"
"148889","https://mojo.redhat.com/docs/DOC-88285","Services Case Study Template","abhaskar","https://mojo.redhat.com/community/consulting-customer-training/consulting-support/services-case-studies"
"15238","https://mojo.redhat.com/docs/DOC-5991","Freddie Mac - Methodology Modernization","abhaskar","https://mojo.redhat.com/community/tbd/mojo-archived-spaces/services-parking-lot/tobedeleted"
"14982","https://mojo.redhat.com/docs/DOC-5932","Burris Logistics - IT Risk Assessment - Project Approach","abhaskar","https://mojo.redhat.com/community/tbd/mojo-archived-spaces/services-parking-lot/tobedeleted"
"14944","https://mojo.redhat.com/docs/DOC-5923","Canon Canada - JBoss Assistance SOW","abhaskar","https://mojo.redhat.com/community/tbd/mojo-archived-spaces/services-parking-lot/tobedeleted"
"14709","https://mojo.redhat.com/docs/DOC-5864","jPIE Architecture 07062010","abhaskar","https://mojo.redhat.com/community/consulting-customer-training/services-clients-engagements/verizon/projects/impact"
"14463","https://mojo.redhat.com/docs/DOC-5791","Gannett - Insertion Order Management Tools Assessment - SOW","abhaskar","https://mojo.redhat.com/community/tbd/mojo-archived-spaces/services-parking-lot/tobedeleted"
"14350","https://mojo.redhat.com/docs/DOC-5764","Gannett - Insertion Order Management Tools Assessment - Team Diagrams","abhaskar","https://mojo.redhat.com/community/consulting-customer-training/services-clients-engagements/gannett/projects/integrated-order-management-tools-analysis"
"14273","https://mojo.redhat.com/docs/DOC-5745","Middleware Consulting Subcontractor Resources","abhaskar","https://mojo.redhat.com/groups/program-managem"
"15103","https://mojo.redhat.com/docs/DOC-5504","NFCU - Project Management Framework","abhaskar","https://mojo.redhat.com/community/consulting-customer-training/services-clients-engagements/nfcu/projects/extensions-conversion-assessment"
"14057","https://mojo.redhat.com/docs/DOC-5216","Gannett - Insertion Order Management - Numbers Workup","abhaskar","https://mojo.redhat.com/community/tbd/mojo-archived-spaces/services-parking-lot/tobedeleted"
"13737","https://mojo.redhat.com/docs/DOC-5120","Verizon Impact Presentation","abhaskar","https://mojo.redhat.com/community/consulting-customer-training/services-clients-engagements/verizon/projects/impact"
"13728","https://mojo.redhat.com/docs/DOC-5118","Verizon IMPACT Project Plan","abhaskar","https://mojo.redhat.com/community/consulting-customer-training/services-clients-engagements/verizon/projects/impact"
"14274","https://mojo.redhat.com/docs/DOC-5009","Gannett - Order Entry Pilot - Discussion Points","abhaskar","https://mojo.redhat.com/community/tbd/mojo-archived-spaces/services-parking-lot/tobedeleted"
"11999","https://mojo.redhat.com/docs/DOC-4533","Burris Logistics BRMS Workshop","abhaskar","https://mojo.redhat.com/community/tbd/mojo-archived-spaces/services-parking-lot/tobedeleted"
"11857","https://mojo.redhat.com/docs/DOC-4509","Team Org Chart","abhaskar","https://mojo.redhat.com/community/consulting-customer-training/services-clients-engagements/itc"
"13779","https://mojo.redhat.com/docs/DOC-4452","FutureGov workshop - Interactive Information Sharing in the Public Space","abhaskar","https://mojo.redhat.com/groups/apj-expansion"
"13547","https://mojo.redhat.com/docs/DOC-4395","AGLC ESB - RFP Response","abhaskar","https://mojo.redhat.com/community/tbd/mojo-archived-spaces/services-parking-lot/tobedeleted"
"12431","https://mojo.redhat.com/docs/DOC-4183","APJ Visa Application Process","abhaskar","https://mojo.redhat.com/groups/apj-expansion"
"10986","https://mojo.redhat.com/docs/DOC-3955","Suncorp JBoss Migration - Presentation","abhaskar","https://mojo.redhat.com/groups/apj-expansion"
"10473","https://mojo.redhat.com/docs/DOC-3881","Telus Business Process Gateway - Red Hat Solution","abhaskar","https://mojo.redhat.com/community/tbd/mojo-archived-spaces/services-parking-lot/tobedeleted"
"10296","https://mojo.redhat.com/docs/DOC-3851","Marvel.com Wireframes","abhaskar","https://mojo.redhat.com/community/consulting-customer-training/services-clients-engagements/marvel/sales/projects/marvelcom-relaunch"
"10260","https://mojo.redhat.com/docs/DOC-3846","Meeting Minutes - Marvel.com Relaunch 10/27/2009","abhaskar","https://mojo.redhat.com/community/consulting-customer-training/services-clients-engagements/marvel/sales/projects/marvelcom-relaunch"
"10231","https://mojo.redhat.com/docs/DOC-3842","Galactus Capabilities and Constraints - 360i","abhaskar","https://mojo.redhat.com/community/consulting-customer-training/services-clients-engagements/marvel/sales/projects/marvelcom-relaunch"
"9882","https://mojo.redhat.com/docs/DOC-3770","Meeting Minutes - Federal","abhaskar","https://mojo.redhat.com/groups/apj-expansion"
"9859","https://mojo.redhat.com/docs/DOC-3766","Amentra Onboarding Process","abhaskar","https://mojo.redhat.com/community/tbd/mojo-archived-spaces/services-parking-lot/tobedeleted"
"9854","https://mojo.redhat.com/docs/DOC-3765","ANZ Middleware Consulting Partners","abhaskar","https://mojo.redhat.com/groups/apj-expansion"
"9362","https://mojo.redhat.com/docs/DOC-3653","[Archive] Merck - EDM WebLogic 8.1 Upgrade Case Study","abhaskar","https://mojo.redhat.com/groups/services-case-stud"
"9247","https://mojo.redhat.com/docs/DOC-3621","JBoss SOA-P - PoC Hardware Requirements","abhaskar","https://mojo.redhat.com/groups/jboss"
"9211","https://mojo.redhat.com/docs/DOC-3612","Resource Manager App - opportunity template","abhaskar","https://mojo.redhat.com/community/tbd/mojo-archived-spaces/services-parking-lot/tobedeleted/purifykdeleted/internal-initiatives/projects/resource-manager"
"1220","https://mojo.redhat.com/people/abhaskar/blog/2009/09/14/google-voice-shortcut","Google Voice shortcut!","abhaskar","https://mojo.redhat.com/people/abhaskar/blog"
"1200","https://mojo.redhat.com/people/abhaskar/blog/2009/09/09/setting-up-mailapp-for-amentra-emails--exchange","Setting up Mail.app for Amentra emails - Exchange","abhaskar","https://mojo.redhat.com/people/abhaskar/blog"
"10103","https://mojo.redhat.com/docs/DOC-3465","PMBC Soldier view - iPhone application","abhaskar","https://mojo.redhat.com/community/tbd/mojo-archived-spaces/services-parking-lot/tobedeleted/pmbc/projects/pmbc-iphone-application"
"10047","https://mojo.redhat.com/docs/DOC-3454","Test","abhaskar","https://mojo.redhat.com/community/test-help/sandbox"
"9408","https://mojo.redhat.com/docs/DOC-3309","[Archive] National Academy of Sciences - Case Study","abhaskar","https://mojo.redhat.com/groups/services-case-stud"
"9357","https://mojo.redhat.com/docs/DOC-3296","Creating a SAR using Maven","abhaskar","https://mojo.redhat.com/groups/jboss"
"1530","https://mojo.redhat.com/people/abhaskar/blog/2009/08/05/setting-up-mailapp-for-amentra-emails--imap","Setting up Mail.app for Amentra emails - IMAP","abhaskar","https://mojo.redhat.com/people/abhaskar/blog"
"8750","https://mojo.redhat.com/docs/DOC-3139","Choice Hotels notes","abhaskar","https://mojo.redhat.com/community/tbd/mojo-archived-spaces/services-parking-lot/tobedeleted"
"8575","https://mojo.redhat.com/docs/DOC-3095","Telus Meeting Notes - July 14, 2009","abhaskar","https://mojo.redhat.com/community/tbd/mojo-archived-spaces/services-parking-lot/tobedeleted"
"8532","https://mojo.redhat.com/docs/DOC-3084","Verizon Collections Spinoff Meeting Notes","abhaskar","https://mojo.redhat.com/community/consulting-customer-training/services-clients-engagements/verizon/sales/projects/collections-spinoff-replication-rfp"
"8346","https://mojo.redhat.com/docs/DOC-3030","Resource Manager Wireframes","abhaskar","https://mojo.redhat.com/community/tbd/mojo-archived-spaces/services-parking-lot/tobedeleted/purifykdeleted/internal-initiatives/projects/resource-manager"
"8343","https://mojo.redhat.com/docs/DOC-3029","FedSLEd Contracts - BA Process","abhaskar","https://mojo.redhat.com/community/consulting-customer-training/consulting-support/services-presales/projects/business-affairs"
"9325","https://mojo.redhat.com/docs/DOC-2945","Amentra Flex Builder 3 copy","abhaskar","https://mojo.redhat.com/groups/cm-content-vault"
"10095","https://mojo.redhat.com/docs/DOC-2485","Marvel Responses to Vendor Questions - 05/18/2009","abhaskar","https://mojo.redhat.com/community/consulting-customer-training/services-clients-engagements/marvel/sales/projects/marvelcom-relaunch"
"9778","https://mojo.redhat.com/docs/DOC-2423","Sales Support Overview","abhaskar","https://mojo.redhat.com/community/tbd/mojo-archived-spaces/services-parking-lot/tobedeleted"
"9486","https://mojo.redhat.com/docs/DOC-2360","Galactus webex notes","abhaskar","https://mojo.redhat.com/community/consulting-customer-training/services-clients-engagements/marvel/sales/projects/marvelcom-relaunch"
"9455","https://mojo.redhat.com/docs/DOC-2353","JetStar Meeting Notes - 05112009","abhaskar","https://mojo.redhat.com/community/consulting-customer-training/services-clients-engagements/jetstar/sales/projects/enterprise-architect"
"1342","https://mojo.redhat.com/groups/jboss/blog/2009/05/04/holy-cow-is-that-an-admin-console-for-jboss","Holy Cow! Is that an Admin Console for JBoss?","abhaskar","https://mojo.redhat.com/groups/jboss/blog"
"8595","https://mojo.redhat.com/docs/DOC-2151","Helpful BPM Resources","abhaskar","https://mojo.redhat.com/groups/bpm"
"8590","https://mojo.redhat.com/docs/DOC-2150","Amentra BPM Process","abhaskar","https://mojo.redhat.com/groups/bpm"
"8587","https://mojo.redhat.com/docs/DOC-2149","BPM Committee Meeting Minutes","abhaskar","https://mojo.redhat.com/groups/bpm"
"8584","https://mojo.redhat.com/docs/DOC-2148","Amentra BPM Projects","abhaskar","https://mojo.redhat.com/groups/bpm"
"8581","https://mojo.redhat.com/docs/DOC-2147","BPM Players","abhaskar","https://mojo.redhat.com/groups/bpm"
"8578","https://mojo.redhat.com/docs/DOC-2146","BPM Definition","abhaskar","https://mojo.redhat.com/groups/bpm"
"8403","https://mojo.redhat.com/docs/DOC-2104","Application Performance Evaluation Prep Checklist","abhaskar","https://mojo.redhat.com/community/consulting-customer-training/services-clients-engagements/arbitron/sales/projects/pps-analysis-recommendations"
"8189","https://mojo.redhat.com/docs/DOC-2051","NAVSAFECEN Logistics and Directions","abhaskar","https://mojo.redhat.com/community/tbd/mojo-archived-spaces/services-parking-lot/tobedeleted/safetycenter"
"7976","https://mojo.redhat.com/docs/DOC-1995","Funny Tweet","abhaskar","https://mojo.redhat.com/community/tbd/mojo-archived-spaces/services-parking-lot/tobedeleted/jboss/projects/jb336-lab-development"
"7904","https://mojo.redhat.com/docs/DOC-1975","Overview","abhaskar","https://mojo.redhat.com/groups/facilities"
"7819","https://mojo.redhat.com/docs/DOC-1946","Recommended Software","abhaskar","https://mojo.redhat.com/community/tbd/mojo-archived-spaces/services-parking-lot/tobedeleted"
"7812","https://mojo.redhat.com/docs/DOC-1944","Recommended Reading","abhaskar","https://mojo.redhat.com/community/tbd/mojo-archived-spaces/services-parking-lot/tobedeleted"
"7803","https://mojo.redhat.com/docs/DOC-1942","Continuous Education","abhaskar","https://mojo.redhat.com/community/tbd/mojo-archived-spaces/services-parking-lot/tobedeleted"
"7758","https://mojo.redhat.com/docs/DOC-1933","New Hire Training Overview - DEFUNCT","abhaskar","https://mojo.redhat.com/community/tbd/mojo-archived-spaces/services-parking-lot/tobedeleted"
"7475","https://mojo.redhat.com/docs/DOC-1877","Marvel Media Manager RFP Demo Requirements","abhaskar","https://mojo.redhat.com/community/consulting-customer-training/services-clients-engagements/marvel/sales/projects/marvel-media-manager"
"7117","https://mojo.redhat.com/docs/DOC-1811","Video Store Source Code","abhaskar","https://mojo.redhat.com/groups/java"
"6728","https://mojo.redhat.com/docs/DOC-1732","Marvel Media Manager - Adobe AIR demo","abhaskar","https://mojo.redhat.com/community/consulting-customer-training/services-clients-engagements/marvel/sales/projects/marvel-media-manager"
"6724","https://mojo.redhat.com/docs/DOC-1731","Consultant Interviewer Training 2","abhaskar","https://mojo.redhat.com/groups/interviewers"
"6572","https://mojo.redhat.com/docs/DOC-1697","vBuild Notes","abhaskar","https://mojo.redhat.com/community/consulting-customer-training/services-clients-engagements/verizon/sales/projects/vbuild"
"6500","https://mojo.redhat.com/docs/DOC-1684","OrderPro Analysis and Roadmap Recommendations","abhaskar","https://mojo.redhat.com/community/consulting-customer-training/services-clients-engagements/verizon/sales/projects/orderpro"
"6330","https://mojo.redhat.com/docs/DOC-1652","How do I use Mojo?","abhaskar","https://mojo.redhat.com/groups/program-managem"
"6167","https://mojo.redhat.com/docs/DOC-1622","I have a Technical Question - How Do I Use Mojo to Get Support?","abhaskar","https://mojo.redhat.com/groups/services-mojo-best-practices"
"5814","https://mojo.redhat.com/docs/DOC-1549","Adding JBoss Content","abhaskar","https://mojo.redhat.com/community/tbd/mojo-archived-spaces/services-parking-lot/tobedeleted/jboss"
"5773","https://mojo.redhat.com/docs/DOC-1535","Alec Richardson SOQ","abhaskar","https://mojo.redhat.com/groups/statement-of-qualifications"
"8064","https://mojo.redhat.com/docs/DOC-1432","Dollar Financial Group Presentation","abhaskar","https://mojo.redhat.com/community/tbd/mojo-archived-spaces/services-parking-lot/tobedeleted/purifykdeleted"
"8003","https://mojo.redhat.com/docs/DOC-1419","Emirates","abhaskar","https://mojo.redhat.com/community/consulting-customer-training/consulting-support/services-presales/sales-support_archive/projects/emirates-ecommerce-application"
"7996","https://mojo.redhat.com/docs/DOC-1417","Washington, DC/ Tysons Corner, VA","abhaskar","https://mojo.redhat.com/groups/facilities"
"7926","https://mojo.redhat.com/docs/DOC-1399","Create a Document vs. Upload a File","abhaskar","https://mojo.redhat.com/groups/mojo-help"
"7882","https://mojo.redhat.com/docs/DOC-1380","Accessing FRIT Servers","abhaskar","https://mojo.redhat.com/community/tbd/mojo-archived-spaces/services-parking-lot/tobedeleted"
"7879","https://mojo.redhat.com/docs/DOC-1379","Arbitron Internal Meeting Notes - 3/12/2009","abhaskar","https://mojo.redhat.com/community/consulting-customer-training/services-clients-engagements/arbitron/projects/jboss-health-check"
"7875","https://mojo.redhat.com/docs/DOC-1378","Open Source ECM for Government 03/12/2009","abhaskar","https://mojo.redhat.com/community/tbd/mojo-archived-spaces/services-parking-lot/tobedeleted"
"1547","https://mojo.redhat.com/groups/jboss/blog/2009/03/11/customers-are-desperate-to-use-jboss","Customers are DESPERATE to use JBoss!","abhaskar","https://mojo.redhat.com/groups/jboss/blog"
"7852","https://mojo.redhat.com/docs/DOC-1368","Reston Commercial Program Management transition","abhaskar","https://mojo.redhat.com/groups/program-managem"
"7834","https://mojo.redhat.com/docs/DOC-1364","Technical leaders","abhaskar","https://mojo.redhat.com/community/tbd/mojo-archived-spaces/services-parking-lot/tobedeleted/purifykdeleted/internal-initiatives/tech-leadership"
"1515","https://mojo.redhat.com/people/abhaskar/blog/2009/01/21/retrospectives-in-the-agile-world","Retrospectives in the Agile world","abhaskar","https://mojo.redhat.com/people/abhaskar/blog"
"7511","https://mojo.redhat.com/docs/DOC-1275","Notes: LSU Sales Call 01/09/2009","abhaskar","https://mojo.redhat.com/community/tbd/mojo-archived-spaces/services-parking-lot/tobedeleted"
"7476","https://mojo.redhat.com/docs/DOC-1262","JBoss 3.x.x Conversion Tool, Description","abhaskar","https://mojo.redhat.com/community/tbd/mojo-archived-spaces/services-parking-lot/tobedeleted/jboss/projects/jboss-migration-automation"
"7471","https://mojo.redhat.com/docs/DOC-1261","The JBoss Migration Utility","abhaskar","https://mojo.redhat.com/community/tbd/mojo-archived-spaces/services-parking-lot/tobedeleted/jboss/projects/jboss-migration-automation"
"7465","https://mojo.redhat.com/docs/DOC-1260","JBoss 3.x.x Migration Checklist","abhaskar","https://mojo.redhat.com/community/tbd/mojo-archived-spaces/services-parking-lot/tobedeleted/jboss/projects/jboss-migration-automation"
"7384","https://mojo.redhat.com/docs/DOC-1241","ING Financial Services Project Approach","abhaskar","https://mojo.redhat.com/community/tbd/mojo-archived-spaces/services-parking-lot/tobedeleted"
"7367","https://mojo.redhat.com/docs/DOC-1237","Verizon JBoss Migration Center of Excellence Service","abhaskar","https://mojo.redhat.com/community/tbd/mojo-archived-spaces/services-parking-lot/tobedeleted/purifykdeleted"
"7365","https://mojo.redhat.com/docs/DOC-1236","JBoss WebLogic Migration Questions","abhaskar","https://mojo.redhat.com/groups/jboss"
"7312","https://mojo.redhat.com/docs/DOC-1210","JBoss Overview","abhaskar","https://mojo.redhat.com/groups/jboss"
"7300","https://mojo.redhat.com/docs/DOC-1207","American Funds 401K","abhaskar","https://mojo.redhat.com/community/tbd/mojo-archived-spaces/services-parking-lot/tobedeleted"
"1333","https://mojo.redhat.com/groups/jboss/blog/2008/12/10/jboss-migration-tools","JBoss Migration Tools","abhaskar","https://mojo.redhat.com/groups/jboss/blog"
"7261","https://mojo.redhat.com/docs/DOC-1198","GEICO Migration Plan","abhaskar","https://mojo.redhat.com/groups/jboss"
"7243","https://mojo.redhat.com/docs/DOC-1194","JB340 - SOA&#160;the&#160;JBoss&#160;Way","abhaskar","https://mojo.redhat.com/groups/jboss"
"7207","https://mojo.redhat.com/docs/DOC-1186","Contact Info","abhaskar","https://mojo.redhat.com/community/consulting-customer-training/services-clients-engagements/foliofn/projects/foliofn-rules"
"7175","https://mojo.redhat.com/docs/DOC-1180","Drools5 Training Materials","abhaskar","https://mojo.redhat.com/community/consulting-customer-training/services-clients-engagements/foliofn/projects/foliofn-rules"
"1253","https://mojo.redhat.com/people/abhaskar/blog/2008/12/01/online-storage-options","Online storage options","abhaskar","https://mojo.redhat.com/people/abhaskar/blog"
"1104","https://mojo.redhat.com/groups/jboss/blog/2008/11/23/jboss-rules-5-webinar","JBoss Rules 5 Webinar","abhaskar","https://mojo.redhat.com/groups/jboss/blog"
"7102","https://mojo.redhat.com/docs/DOC-1165","Setting up PKI using JBoss on Solaris","abhaskar","https://mojo.redhat.com/groups/jboss"
"7092","https://mojo.redhat.com/docs/DOC-1163","Open Source Tools &amp; Technologies","abhaskar","https://mojo.redhat.com/community/tbd/mojo-archived-spaces/services-parking-lot/tobedeleted"
"1231","https://mojo.redhat.com/people/abhaskar/blog/2008/11/19/talking-to-jboss-folks-about-spring","Talking to JBoss folks about Spring","abhaskar","https://mojo.redhat.com/people/abhaskar/blog"
"1219","https://mojo.redhat.com/people/abhaskar/blog/2008/11/18/soa-platform---gls-discussion","SOA Platform - GLS Discussion","abhaskar","https://mojo.redhat.com/people/abhaskar/blog"
"6705","https://mojo.redhat.com/docs/DOC-1072","Application Design Document","abhaskar","https://mojo.redhat.com/community/consulting-customer-training/services-clients-engagements/nas/projects/equipment-billing-system"
"6675","https://mojo.redhat.com/docs/DOC-1065","Server Details","abhaskar","https://mojo.redhat.com/groups/infrastructure-planning"
"6537","https://mojo.redhat.com/docs/DOC-1037","OrderPro Project Approach","abhaskar","https://mojo.redhat.com/community/consulting-customer-training/services-clients-engagements/verizon/sales/projects/orderpro"
"6530","https://mojo.redhat.com/docs/DOC-1036","Technical Vision","abhaskar","https://mojo.redhat.com/community/consulting-customer-training/services-clients-engagements/verizon/sales/projects/orderpro"
