"39433","https://mojo.redhat.com/docs/DOC-16141","What is Forward Deployed Engineering?","agoldste","https://mojo.redhat.com/groups/forward-deployed-engineering"
"37017","https://mojo.redhat.com/docs/DOC-15158","Determining application/node placement in OpenShift","agoldste","https://mojo.redhat.com/groups/openshift"
"37007","https://mojo.redhat.com/docs/DOC-15156","Fixing PayPal cartridge name/vendor issues","agoldste","https://mojo.redhat.com/community/consulting-customer-training/services-clients-engagements/paypal/projects/paypal-paas-h1-implementation"
"33006","https://mojo.redhat.com/docs/DOC-13514","OpenShift bugs we're tracking for PayPal","agoldste","https://mojo.redhat.com/community/consulting-customer-training/services-clients-engagements/paypal/projects/paypal-paas-h1-implementation"
"32774","https://mojo.redhat.com/docs/DOC-13444","Update application DNS entries when your devenv's IP address changes","agoldste","https://mojo.redhat.com/groups/openshift"
"32332","https://mojo.redhat.com/docs/DOC-13305","PayPal H1 Demo #2","agoldste","https://mojo.redhat.com/community/consulting-customer-training/services-clients-engagements/paypal/projects/paypal-paas-h1-implementation"
"31832","https://mojo.redhat.com/docs/DOC-13166","Test plan for gear supplementary users","agoldste","https://mojo.redhat.com/community/consulting-customer-training/services-clients-engagements/paypal/projects/paypal-paas-h1-implementation"
"31831","https://mojo.redhat.com/docs/DOC-13165","Test plan for domain-wide environment variables","agoldste","https://mojo.redhat.com/community/consulting-customer-training/services-clients-engagements/paypal/projects/paypal-paas-h1-implementation"
"31558","https://mojo.redhat.com/docs/DOC-13080","GitHub JSON data when a tag is pushed","agoldste","https://mojo.redhat.com/community/consulting-customer-training/services-clients-engagements/paypal/projects/paypal-paas-h1-implementation"
"24414","https://mojo.redhat.com/docs/DOC-12821","Mojo groups 4/17/2013","agoldste",""
"24333","https://mojo.redhat.com/docs/DOC-12752","blah","agoldste","https://mojo.redhat.com/community/test-help/sandbox"
"21151","https://mojo.redhat.com/docs/DOC-12405","How to generate application load","agoldste","https://mojo.redhat.com/community/consulting-customer-training/services-clients-engagements/bloomberg/projects/openshift-proof-of-concept"
"21114","https://mojo.redhat.com/docs/DOC-12368","Bloomberg POC apps demo script","agoldste","https://mojo.redhat.com/community/consulting-customer-training/services-clients-engagements/bloomberg/projects/openshift-proof-of-concept"
"21074","https://mojo.redhat.com/docs/DOC-12328","How to create a new highly available app","agoldste","https://mojo.redhat.com/community/consulting-customer-training/services-clients-engagements/bloomberg/projects/openshift-proof-of-concept"
"21063","https://mojo.redhat.com/docs/DOC-12317","Capacity checker instructions","agoldste","https://mojo.redhat.com/community/consulting-customer-training/services-clients-engagements/bloomberg/projects/openshift-proof-of-concept"
"20665","https://mojo.redhat.com/docs/DOC-12118","Git repository for development","agoldste","https://mojo.redhat.com/community/consulting-customer-training/services-clients-engagements/bloomberg/projects/openshift-proof-of-concept"
"20660","https://mojo.redhat.com/docs/DOC-12116","VMs and physical fault tolerance","agoldste","https://mojo.redhat.com/community/consulting-customer-training/services-clients-engagements/bloomberg/projects/openshift-proof-of-concept"
"20875","https://mojo.redhat.com/docs/DOC-11954","MRG-M 2.3 prerelease RPMs","agoldste","https://mojo.redhat.com/community/consulting-customer-training/services-clients-engagements/ijet-onboard/projects/ijet-data-delivery-v1-implementation"
"20870","https://mojo.redhat.com/docs/DOC-11952","Mock RPM build configuration","agoldste","https://mojo.redhat.com/community/consulting-customer-training/services-clients-engagements/ijet-onboard/projects/ijet-data-delivery-v1-implementation"
"19793","https://mojo.redhat.com/docs/DOC-11403","test","agoldste",""
"19786","https://mojo.redhat.com/docs/DOC-11401","some doc","agoldste","https://mojo.redhat.com/community/test-help/sandbox"
"19278","https://mojo.redhat.com/docs/DOC-11269","Architecture Recommendations","agoldste","https://mojo.redhat.com/community/consulting-customer-training/services-clients-engagements/apd"
"19248","https://mojo.redhat.com/docs/DOC-11262","Hosting options","agoldste","https://mojo.redhat.com/community/consulting-customer-training/services-clients-engagements/apd/projects/estore-caps-elink-assesment"
"19107","https://mojo.redhat.com/docs/DOC-10573","ITCM ABI Compatbility","agoldste","https://mojo.redhat.com/community/consulting-customer-training/services-clients-engagements/itc"
"19705","https://mojo.redhat.com/docs/DOC-10496","Andy's notes from on-site meetings with Key Ring","agoldste","https://mojo.redhat.com/community/consulting-customer-training/services-clients-engagements/gannett/projects/key-ring-due-dilligence"
"18794","https://mojo.redhat.com/docs/DOC-10268","JBoss EAP 6 Native Components","agoldste","https://mojo.redhat.com/community/consulting-customer-training/services-internal-enablement/services-technical-knowledge-base"
"18424","https://mojo.redhat.com/docs/DOC-10177","testing","agoldste","https://mojo.redhat.com/community/test-help/sandbox"
"18170","https://mojo.redhat.com/docs/DOC-10114","How to monitor rgmanager service state changes using DBus","agoldste","https://mojo.redhat.com/community/consulting-customer-training/services-internal-enablement/services-technical-knowledge-base"
"18618","https://mojo.redhat.com/docs/DOC-9938","Andy's iJet testing setup","agoldste","https://mojo.redhat.com/community/consulting-customer-training/services-clients-engagements/ijet-onboard/projects/ijet-proof-of-concept"
"18485","https://mojo.redhat.com/docs/DOC-9906","Jenkins configuration on clusternode1","agoldste","https://mojo.redhat.com/community/consulting-customer-training/services-clients-engagements/ijet-onboard/projects/ijet-proof-of-concept"
"18356","https://mojo.redhat.com/docs/DOC-9875","Networking research","agoldste","https://mojo.redhat.com/community/consulting-customer-training/services-clients-engagements/ijet-onboard/projects/ijet-proof-of-concept"
"18118","https://mojo.redhat.com/docs/DOC-9815","Test environment thoughts","agoldste","https://mojo.redhat.com/community/consulting-customer-training/services-clients-engagements/ijet-onboard/projects/ijet-proof-of-concept"
"18115","https://mojo.redhat.com/docs/DOC-9814","test wiki","agoldste",""
"17899","https://mojo.redhat.com/docs/DOC-9761","Useful Links","agoldste","https://mojo.redhat.com/community/consulting-customer-training/services-clients-engagements/ijet-onboard/projects/ijet-proof-of-concept"
"17811","https://mojo.redhat.com/docs/DOC-9739","Implementation use cases","agoldste","https://mojo.redhat.com/community/consulting-customer-training/services-clients-engagements/ijet-onboard/projects/ijet-proof-of-concept"
"17807","https://mojo.redhat.com/docs/DOC-9738","System test scenarios","agoldste","https://mojo.redhat.com/community/consulting-customer-training/services-clients-engagements/ijet-onboard/projects/ijet-proof-of-concept"
"18543","https://mojo.redhat.com/docs/DOC-9346","NA - Red Hat Consulting Mailing Lists","agoldste","https://mojo.redhat.com/community/consulting-customer-training/na-services/na-consulting"
"18521","https://mojo.redhat.com/docs/DOC-9333","Upload / intake process","agoldste","https://mojo.redhat.com/community/consulting-customer-training/services-clients-engagements/itc/qa-website"
"18385","https://mojo.redhat.com/docs/DOC-9296","MCC VM environment","agoldste","https://mojo.redhat.com/community/consulting-customer-training/services-clients-engagements/itc"
"18335","https://mojo.redhat.com/docs/DOC-9283","Red Hat Email Account Transition","agoldste","https://mojo.redhat.com/community/consulting-customer-training/services-clients-engagements/itc/projects/itcm-1x"
"18281","https://mojo.redhat.com/docs/DOC-9268","Red Hat Bugzilla access","agoldste","https://mojo.redhat.com/groups/services-new-hire"
"17917","https://mojo.redhat.com/docs/DOC-8920","GDB basics","agoldste","https://mojo.redhat.com/groups/linux-users"
"17870","https://mojo.redhat.com/docs/DOC-8909","ITCM Debugging Information","agoldste","https://mojo.redhat.com/community/consulting-customer-training/services-clients-engagements/itc"
"17869","https://mojo.redhat.com/docs/DOC-8908","Grep basics","agoldste","https://mojo.redhat.com/groups/linux-users"
"16647","https://mojo.redhat.com/docs/DOC-8586","RHEL 6 custom RPMs","agoldste","https://mojo.redhat.com/community/consulting-customer-training/services-clients-engagements/itc/projects/itcm-1x"
"17128","https://mojo.redhat.com/docs/DOC-8341","MRG Messaging Training","agoldste",""
"16873","https://mojo.redhat.com/docs/DOC-8270","ITCM Tysons Corner SBCs","agoldste","https://mojo.redhat.com/community/consulting-customer-training/services-clients-engagements/itc"
"16496","https://mojo.redhat.com/docs/DOC-8171","How to build a Python RPM on RHEL &lt;= 5.6 using bdist_rpm","agoldste",""
"16032","https://mojo.redhat.com/docs/DOC-8043","Git config","agoldste",""
"16775","https://mojo.redhat.com/docs/DOC-7977","Xchange overview","agoldste","https://mojo.redhat.com/community/tbd/mojo-archived-spaces/services-parking-lot/tobedeleted/purifykdeleted/internal-initiatives/projects/xchange"
"15840","https://mojo.redhat.com/docs/DOC-7730","MRG Messaging SSL C++ client gotchas","agoldste","https://mojo.redhat.com/groups/messaging"
"15506","https://mojo.redhat.com/docs/DOC-7625","Table test","agoldste","https://mojo.redhat.com/community/test-help/sandbox"
"15500","https://mojo.redhat.com/docs/DOC-7622","private doc","agoldste",""
"15496","https://mojo.redhat.com/docs/DOC-7621","4.5 wiki doc","agoldste","https://mojo.redhat.com/community/test-help/sandbox"
"15359","https://mojo.redhat.com/docs/DOC-7579","Embed video test","agoldste","https://mojo.redhat.com/community/test-help/sandbox"
"17077","https://mojo.redhat.com/docs/DOC-7485","How to connect to the Red Hat VPN on a Mac","agoldste","https://mojo.redhat.com/groups/mac-users"
"16544","https://mojo.redhat.com/docs/DOC-7348","MRG Messaging Hotfixes","agoldste","https://mojo.redhat.com/community/consulting-customer-training/services-clients-engagements/itc/projects/itcm-phase-1"
"15913","https://mojo.redhat.com/docs/DOC-7182","test wiki doc w/attachment","agoldste","https://mojo.redhat.com/community/test-help/sandbox"
"15905","https://mojo.redhat.com/docs/DOC-7171","test document","agoldste","https://mojo.redhat.com/community/test-help/sandbox"
"15423","https://mojo.redhat.com/docs/DOC-7042","How to replace the master branch with another one","agoldste","https://mojo.redhat.com/groups/g"
"16206","https://mojo.redhat.com/docs/DOC-7007","Common command line options for ITCM components","agoldste","https://mojo.redhat.com/community/consulting-customer-training/services-clients-engagements/itc/projects/itcm-phase-1"
"16038","https://mojo.redhat.com/docs/DOC-6967","ITC chat room","agoldste","https://mojo.redhat.com/community/consulting-customer-training/services-clients-engagements/itc/projects/itcm-phase-1"
"15432","https://mojo.redhat.com/docs/DOC-6800","Red Hat IRC","agoldste","https://mojo.redhat.com/community/tbd/mojo-archived-spaces/services-parking-lot/tobedeleted/helpdesk"
"15129","https://mojo.redhat.com/docs/DOC-6729","VM creation notes - phx1 Red Hat hosts","agoldste","https://mojo.redhat.com/groups/infrastructure-planning"
"14518","https://mojo.redhat.com/docs/DOC-6568","Red Hat Wireless Networks","agoldste","https://mojo.redhat.com/groups/services-new-hire"
"15727","https://mojo.redhat.com/docs/DOC-6463","MRG Messaging C++ Exceptions","agoldste","https://mojo.redhat.com/community/consulting-customer-training/services-clients-engagements/itc/projects/itcm-phase-1"
"15251","https://mojo.redhat.com/docs/DOC-6347","Code coverage","agoldste","https://mojo.redhat.com/community/consulting-customer-training/services-clients-engagements/itc/projects/itcm-phase-1"
"15091","https://mojo.redhat.com/docs/DOC-6305","Subversion repository migration","agoldste","https://mojo.redhat.com/groups/infrastructure-planning"
"14976","https://mojo.redhat.com/docs/DOC-6274","Useful iPhone libraries","agoldste","https://mojo.redhat.com/groups/iphone-development"
"14690","https://mojo.redhat.com/docs/DOC-6195","Mojo administration","agoldste","https://mojo.redhat.com/groups/infrastructure-planning"
"14480","https://mojo.redhat.com/docs/DOC-6132","How to configure wireless networking for RHEL 5.x on a Dell D8xx laptop","agoldste","https://mojo.redhat.com/groups/linux-users"
"14447","https://mojo.redhat.com/docs/DOC-6123","How to configure Redmine to use a Git repository","agoldste","https://mojo.redhat.com/groups/infrastructure-planning"
"14395","https://mojo.redhat.com/docs/DOC-6110","Git repository administration","agoldste","https://mojo.redhat.com/groups/infrastructure-planning"
"14391","https://mojo.redhat.com/docs/DOC-6109","How to switch a RHEL registration from Satellite to RHN","agoldste","https://mojo.redhat.com/groups/linux-users"
"14349","https://mojo.redhat.com/docs/DOC-6097","MRG 1.3 beta repository","agoldste","https://mojo.redhat.com/community/consulting-customer-training/services-clients-engagements/itc/projects/itcm-phase-1"
"14185","https://mojo.redhat.com/docs/DOC-6053","Red Hat Consulting Source Code Repositories","agoldste","https://mojo.redhat.com/community/tbd/mojo-archived-spaces/services-parking-lot/tobedeleted/purifykdeleted"
"14088","https://mojo.redhat.com/docs/DOC-6028","Helpful Git links","agoldste","https://mojo.redhat.com/groups/g"
"14085","https://mojo.redhat.com/docs/DOC-6027","Useful Git aliases","agoldste","https://mojo.redhat.com/groups/g"
"14081","https://mojo.redhat.com/docs/DOC-6026","ITCM Git Information","agoldste","https://mojo.redhat.com/community/consulting-customer-training/services-clients-engagements/itc/projects/itcm-phase-1"
"15231","https://mojo.redhat.com/docs/DOC-5989","How to relocate a Subversion checkout when the repository moves","agoldste","https://mojo.redhat.com/community/tbd/mojo-archived-spaces/services-parking-lot/tobedeleted/purifykdeleted"
"15200","https://mojo.redhat.com/docs/DOC-5981","Upcoming Server Infrastructure Changes","agoldste","https://mojo.redhat.com/community/tbd/mojo-archived-spaces/services-parking-lot/tobedeleted"
"15082","https://mojo.redhat.com/docs/DOC-5953","ITCM Hudson Installation","agoldste","https://mojo.redhat.com/community/consulting-customer-training/services-clients-engagements/itc/projects/itcm-phase-1"
"14818","https://mojo.redhat.com/docs/DOC-5892","Cassandra iPhone Project Overview","agoldste","https://mojo.redhat.com/community/tbd/mojo-archived-spaces/services-parking-lot/tobedeleted/projects/cassandra-mobile-iphone"
"14737","https://mojo.redhat.com/docs/DOC-5871","LDAP Feature Matrix","agoldste","https://mojo.redhat.com/community/tbd/mojo-archived-spaces/services-parking-lot/tobedeleted/projects/amentra-directory-server-ldap"
"14610","https://mojo.redhat.com/docs/DOC-5834","ITCM Expectations","agoldste","https://mojo.redhat.com/community/consulting-customer-training/services-clients-engagements/itc/projects/itcm-phase-1"
"14460","https://mojo.redhat.com/docs/DOC-5790","Internal initiatives status 6/28/10","agoldste","https://mojo.redhat.com/groups/cm-content-vault"
"14536","https://mojo.redhat.com/docs/DOC-5351","Encrypting Maven settings.xml passwords","agoldste","https://mojo.redhat.com/groups/cm-content-vault"
"14473","https://mojo.redhat.com/docs/DOC-5333","ITCM System Architecture Outline","agoldste","https://mojo.redhat.com/community/consulting-customer-training/services-clients-engagements/itc/projects/itcm-phase-1"
"14470","https://mojo.redhat.com/docs/DOC-5332","Application Gateway - Application communication process","agoldste","https://mojo.redhat.com/community/consulting-customer-training/services-clients-engagements/itc/projects/itcm-phase-1"
"14468","https://mojo.redhat.com/docs/DOC-5331","EMP Destination Address Examples","agoldste","https://mojo.redhat.com/community/consulting-customer-training/services-clients-engagements/itc/projects/itcm-phase-1"
"14425","https://mojo.redhat.com/docs/DOC-5319","MRG Messaging Bugzillas","agoldste","https://mojo.redhat.com/community/consulting-customer-training/services-clients-engagements/itc/projects/itcm-phase-1"
"14167","https://mojo.redhat.com/docs/DOC-5252","Test from email","agoldste","https://mojo.redhat.com/community/test-help/sandbox"
"14163","https://mojo.redhat.com/docs/DOC-5251","Another test","agoldste","https://mojo.redhat.com/community/test-help/sandbox"
"14104","https://mojo.redhat.com/docs/DOC-5227","Master Document Tree","agoldste","https://mojo.redhat.com/community/consulting-customer-training/services-clients-engagements/itc/projects/itcm-phase-1"
"13746","https://mojo.redhat.com/docs/DOC-5122","Impact Applications","agoldste","https://mojo.redhat.com/community/consulting-customer-training/services-clients-engagements/verizon/projects/impact"
"14188","https://mojo.redhat.com/docs/DOC-4987","101s","agoldste","https://mojo.redhat.com/groups/mentoring-overhaul"
"14177","https://mojo.redhat.com/docs/DOC-4984","Improvement plan","agoldste","https://mojo.redhat.com/groups/mentoring-overhaul"
"14097","https://mojo.redhat.com/docs/DOC-4964","test","agoldste","https://mojo.redhat.com/community/test-help/sandbox"
"13974","https://mojo.redhat.com/docs/DOC-4921","Meeting Minutes 3/11/2010","agoldste","https://mojo.redhat.com/groups/mentoring-overhaul"
"13751","https://mojo.redhat.com/docs/DOC-4866","Group Charter","agoldste","https://mojo.redhat.com/groups/mentoring-overhaul"
"13450","https://mojo.redhat.com/docs/DOC-4370","MRG server information","agoldste","https://mojo.redhat.com/community/consulting-customer-training/services-clients-engagements/itc/projects/itc-phase-one-poc"
"13127","https://mojo.redhat.com/docs/DOC-4305","ING Overview","agoldste","https://mojo.redhat.com/community/tbd/mojo-archived-spaces/services-parking-lot/tobedeleted/purifykdeleted"
"12051","https://mojo.redhat.com/docs/DOC-4116","Travel Channel architecture","agoldste","https://mojo.redhat.com/community/tbd/mojo-archived-spaces/services-parking-lot/tobedeleted/purifykdeleted"
"12041","https://mojo.redhat.com/docs/DOC-4114","Travel Channel Apache + mod_jk recommendations","agoldste","https://mojo.redhat.com/community/tbd/mojo-archived-spaces/services-parking-lot/tobedeleted/purifykdeleted"
"12037","https://mojo.redhat.com/docs/DOC-4113","httpd.conf excerpts","agoldste","https://mojo.redhat.com/community/tbd/mojo-archived-spaces/services-parking-lot/tobedeleted/purifykdeleted"
"12033","https://mojo.redhat.com/docs/DOC-4112","workers.properties","agoldste","https://mojo.redhat.com/community/tbd/mojo-archived-spaces/services-parking-lot/tobedeleted/purifykdeleted"
"11661","https://mojo.redhat.com/docs/DOC-4053","DirectoryParser.zip","agoldste","https://mojo.redhat.com/community/test-help/sandbox"
"11471","https://mojo.redhat.com/docs/DOC-4025","ING org charts","agoldste","https://mojo.redhat.com/community/tbd/mojo-archived-spaces/services-parking-lot/tobedeleted/purifykdeleted"
"11462","https://mojo.redhat.com/docs/DOC-4024","ING enterprise architecture team info","agoldste","https://mojo.redhat.com/community/tbd/mojo-archived-spaces/services-parking-lot/tobedeleted/purifykdeleted"
"11447","https://mojo.redhat.com/docs/DOC-4022","ING Contacts","agoldste","https://mojo.redhat.com/community/tbd/mojo-archived-spaces/services-parking-lot/tobedeleted/purifykdeleted"
"11379","https://mojo.redhat.com/docs/DOC-4013","EIP rehosting meeting minutes 11/18/2009","agoldste","https://mojo.redhat.com/community/tbd/mojo-archived-spaces/services-parking-lot/tobedeleted/purifykdeleted"
"11281","https://mojo.redhat.com/docs/DOC-3998","Java Decompilers","agoldste","https://mojo.redhat.com/groups/java"
"11225","https://mojo.redhat.com/docs/DOC-3990","Important ING URLs","agoldste","https://mojo.redhat.com/community/tbd/mojo-archived-spaces/services-parking-lot/tobedeleted/purifykdeleted"
"10394","https://mojo.redhat.com/docs/DOC-3866","Verifying daylight savings time zone information at ING","agoldste","https://mojo.redhat.com/community/tbd/mojo-archived-spaces/services-parking-lot/tobedeleted/purifykdeleted"
"10316","https://mojo.redhat.com/docs/DOC-3854","ING rehosting project assignments","agoldste","https://mojo.redhat.com/community/tbd/mojo-archived-spaces/services-parking-lot/tobedeleted/purifykdeleted"
"9994","https://mojo.redhat.com/docs/DOC-3793","ING changes to conf/jboss-service.xml (now citistreet-service.xml)","agoldste","https://mojo.redhat.com/community/tbd/mojo-archived-spaces/services-parking-lot/tobedeleted/purifykdeleted"
"9989","https://mojo.redhat.com/docs/DOC-3792","ING files slimmed from JBoss","agoldste","https://mojo.redhat.com/community/tbd/mojo-archived-spaces/services-parking-lot/tobedeleted/purifykdeleted"
"9984","https://mojo.redhat.com/docs/DOC-3791","ING changes to deploy/jboss-web-cluster.sar/META-INF/jboss-service.xml","agoldste","https://mojo.redhat.com/community/tbd/mojo-archived-spaces/services-parking-lot/tobedeleted/purifykdeleted"
"9979","https://mojo.redhat.com/docs/DOC-3790","ING changes to deploy/jboss-messaging.sar/remoting-bisocket-service.xml","agoldste","https://mojo.redhat.com/community/tbd/mojo-archived-spaces/services-parking-lot/tobedeleted/purifykdeleted"
"9973","https://mojo.redhat.com/docs/DOC-3789","ING changes to deploy/jboss-messaging.sar/messaging-service.xml","agoldste","https://mojo.redhat.com/community/tbd/mojo-archived-spaces/services-parking-lot/tobedeleted/purifykdeleted"
"9968","https://mojo.redhat.com/docs/DOC-3788","ING changes to deploy/jboss-messaging.sar/destinations-service.xml","agoldste","https://mojo.redhat.com/community/tbd/mojo-archived-spaces/services-parking-lot/tobedeleted/purifykdeleted"
"9963","https://mojo.redhat.com/docs/DOC-3787","ING changes to deploy/jboss-messaging.sar/clustered-hsqldb-persistence-service.xml","agoldste","https://mojo.redhat.com/community/tbd/mojo-archived-spaces/services-parking-lot/tobedeleted/purifykdeleted"
"9956","https://mojo.redhat.com/docs/DOC-3786","ING changes to deploy/ejb-deployer.xml","agoldste","https://mojo.redhat.com/community/tbd/mojo-archived-spaces/services-parking-lot/tobedeleted/purifykdeleted"
"9951","https://mojo.redhat.com/docs/DOC-3785","ING changes to deploy/cluster-service.xml","agoldste","https://mojo.redhat.com/community/tbd/mojo-archived-spaces/services-parking-lot/tobedeleted/purifykdeleted"
"9947","https://mojo.redhat.com/docs/DOC-3784","ING changes to conf/jacorb.properties","agoldste","https://mojo.redhat.com/community/tbd/mojo-archived-spaces/services-parking-lot/tobedeleted/purifykdeleted"
"9942","https://mojo.redhat.com/docs/DOC-3783","ING changes to deploy/jboss-web.deployer/ROOT.war/index.html","agoldste","https://mojo.redhat.com/community/tbd/mojo-archived-spaces/services-parking-lot/tobedeleted/purifykdeleted"
"9937","https://mojo.redhat.com/docs/DOC-3782","ING changes to deploy/jboss-web.deployer/META-INF/jboss-service.xml","agoldste","https://mojo.redhat.com/community/tbd/mojo-archived-spaces/services-parking-lot/tobedeleted/purifykdeleted"
"9931","https://mojo.redhat.com/docs/DOC-3781","ING changes to deploy/management/console-mgr.sar/web-console.war/WEB-INF/jboss-web.xml","agoldste","https://mojo.redhat.com/community/tbd/mojo-archived-spaces/services-parking-lot/tobedeleted/purifykdeleted"
"9924","https://mojo.redhat.com/docs/DOC-3780","ING changes to deploy/jboss-web.deployer/server.xml","agoldste","https://mojo.redhat.com/community/tbd/mojo-archived-spaces/services-parking-lot/tobedeleted/purifykdeleted"
"9898","https://mojo.redhat.com/docs/DOC-3774","Daily notes 10/13/09","agoldste","https://mojo.redhat.com/community/tbd/mojo-archived-spaces/services-parking-lot/tobedeleted/purifykdeleted"
"9781","https://mojo.redhat.com/docs/DOC-3748","Admin server migration high level overview","agoldste","https://mojo.redhat.com/community/tbd/mojo-archived-spaces/services-parking-lot/tobedeleted/purifykdeleted"
"9759","https://mojo.redhat.com/docs/DOC-3744","ING provisioning infrastructure details","agoldste","https://mojo.redhat.com/community/tbd/mojo-archived-spaces/services-parking-lot/tobedeleted/purifykdeleted"
"9754","https://mojo.redhat.com/docs/DOC-3743","Project contacts for web services group","agoldste","https://mojo.redhat.com/community/tbd/mojo-archived-spaces/services-parking-lot/tobedeleted/purifykdeleted"
"9748","https://mojo.redhat.com/docs/DOC-3742","Wave 2 applications to be migrated","agoldste","https://mojo.redhat.com/community/tbd/mojo-archived-spaces/services-parking-lot/tobedeleted/purifykdeleted"
"9743","https://mojo.redhat.com/docs/DOC-3741","Wave 1 applications to be migrated","agoldste","https://mojo.redhat.com/community/tbd/mojo-archived-spaces/services-parking-lot/tobedeleted/purifykdeleted"
"9721","https://mojo.redhat.com/docs/DOC-3737","How to set up a new ING JBoss server instance","agoldste","https://mojo.redhat.com/community/tbd/mojo-archived-spaces/services-parking-lot/tobedeleted/purifykdeleted"
"9380","https://mojo.redhat.com/docs/DOC-3657","Meeting minutes 9/24/2009","agoldste","https://mojo.redhat.com/community/consulting-customer-training/services-clients-engagements/alc/projects/architecture-assessment"
"9334","https://mojo.redhat.com/docs/DOC-3644","xChange Screenshot 9/23/09","agoldste","https://mojo.redhat.com/community/tbd/mojo-archived-spaces/services-parking-lot/tobedeleted/purifykdeleted/internal-initiatives/projects/xchange"
"9208","https://mojo.redhat.com/docs/DOC-3611","How to fix Outlook so it finds all Amentra employees properly","agoldste","https://mojo.redhat.com/community/tbd/mojo-archived-spaces/services-parking-lot/tobedeleted/helpdesk"
"9206","https://mojo.redhat.com/docs/DOC-3610","Meeting minutes 9/18/2009","agoldste","https://mojo.redhat.com/community/consulting-customer-training/services-clients-engagements/alc/projects/architecture-assessment"
"9198","https://mojo.redhat.com/docs/DOC-3608","Reston badge status","agoldste","https://mojo.redhat.com/groups/program-managem"
"8959","https://mojo.redhat.com/docs/DOC-3535","Deltacloud overview","agoldste","https://mojo.redhat.com/groups/cloud"
"8953","https://mojo.redhat.com/docs/DOC-3533","Phase 1 screenshot","agoldste","https://mojo.redhat.com/community/tbd/mojo-archived-spaces/services-parking-lot/tobedeleted/purifykdeleted/internal-initiatives/projects/xchange"
"8882","https://mojo.redhat.com/docs/DOC-3512","Coding practice: always use curly braces!","agoldste","https://mojo.redhat.com/community/tbd/mojo-archived-spaces/services-parking-lot/tobedeleted/purifykdeleted"
"8880","https://mojo.redhat.com/docs/DOC-3511","Coding practice: avoid null pointer exceptions when comparing with constants","agoldste","https://mojo.redhat.com/community/tbd/mojo-archived-spaces/services-parking-lot/tobedeleted/purifykdeleted"
"10321","https://mojo.redhat.com/docs/DOC-3502","PMBC iPhone Application Source Code","agoldste","https://mojo.redhat.com/community/tbd/mojo-archived-spaces/services-parking-lot/tobedeleted/pmbc/projects/pmbc-iphone-application"
"10171","https://mojo.redhat.com/docs/DOC-3479","JBoss Webinars","agoldste","https://mojo.redhat.com/groups/jboss"
"120632","https://mojo.redhat.com/docs/DOC-56645","JBoss Performance Tuning Whitepaper Outline","agoldste","https://mojo.redhat.com/community/old_docspace/bu/middleware/products/andiamo"
"1566","https://mojo.redhat.com/blogs/agoldstein/2009/08/08/monitoring-servers-with-monit","Monitoring servers with Monit","agoldste","https://mojo.redhat.com/blogs/agoldstein"
"9383","https://mojo.redhat.com/docs/DOC-3303","Red Hat Announces Finalists in Third Annual Innovation Awards","agoldste","https://mojo.redhat.com/community/test-help/sandbox"
"9096","https://mojo.redhat.com/docs/DOC-3233","Flex data binding and static variables","agoldste","https://mojo.redhat.com/groups/cm-content-vault"
"8932","https://mojo.redhat.com/docs/DOC-3186","Resource Manager requirements","agoldste","https://mojo.redhat.com/community/tbd/mojo-archived-spaces/services-parking-lot/tobedeleted/purifykdeleted/internal-initiatives/projects/resource-manager"
"8802","https://mojo.redhat.com/docs/DOC-3151","Parallel environment checklist","agoldste","https://mojo.redhat.com/community/consulting-customer-training/services-clients-engagements/fhlb-of/projects/fms-40"
"8756","https://mojo.redhat.com/docs/DOC-3141","Kick-off meeting minutes","agoldste","https://mojo.redhat.com/community/tbd/mojo-archived-spaces/services-parking-lot/tobedeleted/projects/amentra-directory-server-ldap"
"8672","https://mojo.redhat.com/docs/DOC-3120","Potential systems to integrate with LDAP","agoldste","https://mojo.redhat.com/community/tbd/mojo-archived-spaces/services-parking-lot/tobedeleted/projects/amentra-directory-server-ldap"
"8551","https://mojo.redhat.com/docs/DOC-3089","Dell Employee Discounts","agoldste","https://mojo.redhat.com/community/tbd/mojo-archived-spaces/services-parking-lot/tobedeleted/purifykdeleted"
"8548","https://mojo.redhat.com/docs/DOC-3088","AT&amp;T Wireless Corporate Employee Discount","agoldste","https://mojo.redhat.com/community/tbd/mojo-archived-spaces/services-parking-lot/tobedeleted/purifykdeleted"
"8545","https://mojo.redhat.com/docs/DOC-3087","Corporate Travel Information","agoldste","https://mojo.redhat.com/community/tbd/mojo-archived-spaces/services-parking-lot/tobedeleted/purifykdeleted"
"8504","https://mojo.redhat.com/docs/DOC-3079","What to do when changing a JMS destination to/from clustered","agoldste","https://mojo.redhat.com/groups/jboss"
"8446","https://mojo.redhat.com/docs/DOC-3058","How to develop a plugin for SBS (Mojo) from scratch","agoldste","https://mojo.redhat.com/groups/mojo-help"
"8432","https://mojo.redhat.com/docs/DOC-3054","Mate framework for Flex","agoldste","https://mojo.redhat.com/groups/cm-content-vault"
"8358","https://mojo.redhat.com/docs/DOC-3034","Mojo feature requests","agoldste","https://mojo.redhat.com/groups/mojo-help"
"8311","https://mojo.redhat.com/docs/DOC-3022","Maven versions plugin","agoldste","https://mojo.redhat.com/groups/cm-content-vault"
"9542","https://mojo.redhat.com/docs/DOC-2999","Adobe LiveCycle Output installation notes","agoldste","https://mojo.redhat.com/community/consulting-customer-training/services-clients-engagements/fhlb-of/projects/fms-40"
"9524","https://mojo.redhat.com/docs/DOC-2995","How to prepare JBoss EAP for production","agoldste","https://mojo.redhat.com/community/consulting-customer-training/services-clients-engagements/fhlb-of/projects/fms-40"
"9522","https://mojo.redhat.com/docs/DOC-2994","How to configure LiveCycle Data Services (LCDS) for clustering","agoldste","https://mojo.redhat.com/groups/cm-content-vault"
"9513","https://mojo.redhat.com/docs/DOC-2992","Notes from 7/1/2009 call","agoldste","https://mojo.redhat.com/community/consulting-customer-training/services-clients-engagements/pitneybowes/sales/projects/d3-jboss-migration"
"9457","https://mojo.redhat.com/docs/DOC-2978","Resource Manager test server info","agoldste","https://mojo.redhat.com/community/tbd/mojo-archived-spaces/services-parking-lot/tobedeleted/purifykdeleted/internal-initiatives/projects/resource-manager"
"9160","https://mojo.redhat.com/docs/DOC-2900","Notes from 6/18/2009 call - D3 migration","agoldste","https://mojo.redhat.com/community/consulting-customer-training/services-clients-engagements/pitneybowes/sales/projects/e2d3-jboss-migration"
"8731","https://mojo.redhat.com/docs/DOC-2791","test 3.0.4","agoldste","https://mojo.redhat.com/community/test-help/sandbox"
"8707","https://mojo.redhat.com/docs/DOC-2779","Clustering checklist","agoldste","https://mojo.redhat.com/community/consulting-customer-training/services-clients-engagements/fhlb-of/projects/fms-40"
"8691","https://mojo.redhat.com/docs/DOC-2775","How to register EhCache JMX MBeans","agoldste","https://mojo.redhat.com/groups/java"
"8640","https://mojo.redhat.com/docs/DOC-2761","FMS4 Project Approach Modification","agoldste","https://mojo.redhat.com/community/consulting-customer-training/services-clients-engagements/fhlb-of/projects/fms-40"
"8617","https://mojo.redhat.com/docs/DOC-2755","Notes from 6/10/2009 call - D3, E2 migration","agoldste","https://mojo.redhat.com/community/consulting-customer-training/services-clients-engagements/pitneybowes/sales/projects/e2d3-jboss-migration"
"8577","https://mojo.redhat.com/docs/DOC-2745","How to get automation working in Flex Builder","agoldste","https://mojo.redhat.com/groups/cm-content-vault"
"1398","https://mojo.redhat.com/groups/cm-content-vault/blog/2009/06/09/flex-4-to-support-automated-testing-of-air","Flex 4 to support automated testing of AIR","agoldste","https://mojo.redhat.com/groups/cm-content-vault/blog"
"8052","https://mojo.redhat.com/docs/DOC-2611","Notes from 6/1/2009 call","agoldste","https://mojo.redhat.com/community/consulting-customer-training/services-clients-engagements/pitneybowes/sales/projects/weblogic-to-jboss-migration-phase-1"
"8010","https://mojo.redhat.com/docs/DOC-2601","Cloud Computing Overview","agoldste","https://mojo.redhat.com/groups/cloud"
"8006","https://mojo.redhat.com/docs/DOC-2600","Amazon Simple Storage Service (S3) Overview","agoldste","https://mojo.redhat.com/groups/cloud"
"8000","https://mojo.redhat.com/docs/DOC-2598","Amazon Elastic Compute Cloud (EC2) Overview","agoldste","https://mojo.redhat.com/groups/cloud"
"1268","https://mojo.redhat.com/groups/cm-content-vault/blog/2009/05/28/eclipse-maven-plugin-options-m2eclipse-and-iam","Eclipse Maven plugin options: m2eclipse and IAM","agoldste","https://mojo.redhat.com/groups/cm-content-vault/blog"
"1192","https://mojo.redhat.com/blogs/agoldstein/2009/05/27/spring-roo-update","Spring Roo update","agoldste","https://mojo.redhat.com/blogs/agoldstein"
"7801","https://mojo.redhat.com/docs/DOC-2538","Hudson performance tip: discard old builds","agoldste","https://mojo.redhat.com/community/tbd/mojo-archived-spaces/services-parking-lot/tobedeleted/purifykdeleted"
"9266","https://mojo.redhat.com/docs/DOC-2307","How to create an MBean in JBoss that listens to notifications","agoldste","https://mojo.redhat.com/groups/jboss"
"9246","https://mojo.redhat.com/docs/DOC-2302","Cloud migration approach document","agoldste","https://mojo.redhat.com/community/tbd/mojo-archived-spaces/services-parking-lot/tobedeleted/purifykdeleted"
"9190","https://mojo.redhat.com/docs/DOC-2289","Shortcut for getting a diff of a file in PVCS","agoldste","https://mojo.redhat.com/community/tbd/mojo-archived-spaces/services-parking-lot/tobedeleted/purifykdeleted"
"9186","https://mojo.redhat.com/docs/DOC-2287","Preferred and recommended logging frameworks: SLF4J and Logback","agoldste","https://mojo.redhat.com/groups/java"
"9105","https://mojo.redhat.com/docs/DOC-2264","How to use the PropertyPlaceholderConfigurer to externalize environment or server specific configuration elements","agoldste","https://mojo.redhat.com/groups/spring-framework"
"8608","https://mojo.redhat.com/docs/DOC-2153","How to add loading/saving of preferences for a window in FMS4","agoldste","https://mojo.redhat.com/community/consulting-customer-training/services-clients-engagements/fhlb-of/projects/fms-40"
"8500","https://mojo.redhat.com/docs/DOC-2128","Bash script to generate a random password","agoldste","https://mojo.redhat.com/groups/linux-users"
"8487","https://mojo.redhat.com/docs/DOC-2124","How to register a Red Hat Enterpise Linux (RHEL) system with RHN, RHC style","agoldste","https://mojo.redhat.com/groups/linux-users"
"8260","https://mojo.redhat.com/docs/DOC-2071","FMS4 Deployment Architecture Overview","agoldste","https://mojo.redhat.com/community/consulting-customer-training/services-clients-engagements/fhlb-of/projects/fms-40"
"8178","https://mojo.redhat.com/docs/DOC-2042","How to deploy a release of FMS4 to DEV, QA, or UAT","agoldste","https://mojo.redhat.com/community/consulting-customer-training/services-clients-engagements/fhlb-of/projects/fms-40"
"8113","https://mojo.redhat.com/docs/DOC-2026","JBoss Performance Tuning","agoldste","https://mojo.redhat.com/groups/jboss"
"1765","https://mojo.redhat.com/blogs/agoldstein/2009/04/20/another-ria-option-on-the-table","Another RIA option on the table","agoldste","https://mojo.redhat.com/blogs/agoldstein"
"1759","https://mojo.redhat.com/community/tbd/mojo-archived-spaces/services-parking-lot/tobedeleted/mojo/blog/2009/04/19/mojo-upgraded-to-sbs-301","Mojo upgraded to SBS 3.0.1","agoldste","https://mojo.redhat.com/community/tbd/mojo-archived-spaces/services-parking-lot/tobedeleted/mojo/blog"
"1756","https://mojo.redhat.com/blogs/agoldstein/2009/04/18/ec2-scripting","EC2 scripting","agoldste","https://mojo.redhat.com/blogs/agoldstein"
"7086","https://mojo.redhat.com/docs/DOC-1806","Build process improvements","agoldste","https://mojo.redhat.com/community/consulting-customer-training/services-clients-engagements/fhlb-of/projects/fms-40"
"1721","https://mojo.redhat.com/blogs/agoldstein/2009/04/08/adding-a-servlet-to-a-running-tomcat-instance-dynamically","Adding a servlet to a running Tomcat instance dynamically","agoldste","https://mojo.redhat.com/blogs/agoldstein"
"1671","https://mojo.redhat.com/community/tbd/mojo-archived-spaces/services-parking-lot/tobedeleted/mojo/projects/webdav-support-koenigsberg/blog/2009/04/05/now-a-true-plugin","Now a true plugin!","agoldste","https://mojo.redhat.com/community/tbd/mojo-archived-spaces/services-parking-lot/tobedeleted/mojo/projects/webdav-support-koenigsberg/blog"
"1665","https://mojo.redhat.com/groups/ruby-on-rails/blog/2009/04/02/new-ruby-and-rails-ide-out-rubymine","New Ruby and Rails IDE out: RubyMine","agoldste","https://mojo.redhat.com/groups/ruby-on-rails/blog"
"6007","https://mojo.redhat.com/docs/DOC-1590","Changes made to enable Openfire access for sbstest","agoldste","https://mojo.redhat.com/groups/infrastructure-planning"
"6003","https://mojo.redhat.com/docs/DOC-1589","Organizing Client Content under Services Clients and Engagements space","agoldste","https://mojo.redhat.com/groups/services-mojo-best-practices"
"5776","https://mojo.redhat.com/docs/DOC-1541","How to add access for a new server in the DMZ","agoldste","https://mojo.redhat.com/groups/infrastructure-planning"
"5767","https://mojo.redhat.com/docs/DOC-1533","NA Red Hat Consulting Conference Bridges","agoldste","https://mojo.redhat.com/community/consulting-customer-training/na-services/na-consulting/training"
"1607","https://mojo.redhat.com/groups/java/blog/2009/03/25/maven-210-released","Maven 2.10 released","agoldste","https://mojo.redhat.com/groups/java/blog"
"1585","https://mojo.redhat.com/blogs/agoldstein/2009/03/24/self-closing-div-tags--not-exactly-mans-best-friend","Self-closing &lt;div&gt; tags - not exactly man's best friend","agoldste","https://mojo.redhat.com/blogs/agoldstein"
"7967","https://mojo.redhat.com/docs/DOC-1409","Flex design tip: create a container first!","agoldste","https://mojo.redhat.com/groups/cm-content-vault"
"7959","https://mojo.redhat.com/docs/DOC-1407","NG reports subcomponent time estimation","agoldste","https://mojo.redhat.com/community/consulting-customer-training/services-clients-engagements/fhlb-of/projects/fms-40"
"7954","https://mojo.redhat.com/docs/DOC-1406","Flex/AIR getting started information &amp; links","agoldste","https://mojo.redhat.com/groups/cm-content-vault"
"7805","https://mojo.redhat.com/docs/DOC-1355","Nexus maven proxy server details","agoldste","https://mojo.redhat.com/community/tbd/mojo-archived-spaces/services-parking-lot/tobedeleted/purifykdeleted"
"7572","https://mojo.redhat.com/docs/DOC-1288","Project approach","agoldste","https://mojo.redhat.com/community/consulting-customer-training/services-clients-engagements/fhlb-of/projects/dutch-auction"
"1433","https://mojo.redhat.com/groups/ruby-on-rails/blog/2008/12/30/rails-3-and-merb-to-merge","Rails 3 and Merb to merge!","agoldste","https://mojo.redhat.com/groups/ruby-on-rails/blog"
"1414","https://mojo.redhat.com/blogs/agoldstein/2008/12/24/flex-footer-datagrid-code-released-to-the-wild","Flex footer datagrid code released to the wild!","agoldste","https://mojo.redhat.com/blogs/agoldstein"
"7377","https://mojo.redhat.com/docs/DOC-1239","Howto: import an OpenSSL private key &amp; certificate into a Java keystore","agoldste","https://mojo.redhat.com/groups/java"
"1365","https://mojo.redhat.com/community/tbd/mojo-archived-spaces/services-parking-lot/tobedeleted/mojo/blog/2008/12/15/clearspace-gotcha-pdf-generation-the-fop-directory","Clearspace gotcha: PDF generation &amp; the .fop directory","agoldste","https://mojo.redhat.com/community/tbd/mojo-archived-spaces/services-parking-lot/tobedeleted/mojo/blog"
"1360","https://mojo.redhat.com/community/tbd/mojo-archived-spaces/services-parking-lot/tobedeleted/mojo/blog/2008/12/14/interesting-page-on-using-clearspace-to-onboard-new-employees","Interesting page on using Clearspace to onboard new employees","agoldste","https://mojo.redhat.com/community/tbd/mojo-archived-spaces/services-parking-lot/tobedeleted/mojo/blog"
"7273","https://mojo.redhat.com/docs/DOC-1201","Howto: disable clustering in a JBoss 4.2.x/EAP 4.3.x server based on all or production","agoldste","https://mojo.redhat.com/groups/jboss"
"1330","https://mojo.redhat.com/community/tbd/mojo-archived-spaces/services-parking-lot/tobedeleted/mojo/projects/ec2-deployment/blog/2008/12/10/linkroll-ruby-libraries-for-awsec2etc","Linkroll: Ruby libraries for AWS/EC2/etc","agoldste","https://mojo.redhat.com/community/tbd/mojo-archived-spaces/services-parking-lot/tobedeleted/mojo/projects/ec2-deployment/blog"
"1316","https://mojo.redhat.com/community/tbd/mojo-archived-spaces/services-parking-lot/tobedeleted/mojo/blog/2008/12/10/attempted-performance-improvement-modjk","Attempted performance improvement: mod_jk","agoldste","https://mojo.redhat.com/community/tbd/mojo-archived-spaces/services-parking-lot/tobedeleted/mojo/blog"
"1296","https://mojo.redhat.com/community/tbd/mojo-archived-spaces/services-parking-lot/tobedeleted/mojo/projects/ec2-deployment/blog/2008/12/08/first-steps","First steps","agoldste","https://mojo.redhat.com/community/tbd/mojo-archived-spaces/services-parking-lot/tobedeleted/mojo/projects/ec2-deployment/blog"
"7221","https://mojo.redhat.com/docs/DOC-1188","MRG 1.1 training materials","agoldste","https://mojo.redhat.com/groups/jboss"
"7157","https://mojo.redhat.com/docs/DOC-1176","How to remove the built in JSF 1.2 jars from JBoss EAP 4.3.x","agoldste","https://mojo.redhat.com/groups/jboss"
"7151","https://mojo.redhat.com/docs/DOC-1175","How to: install Adobe LiveCycle 8","agoldste","https://mojo.redhat.com/community/consulting-customer-training/services-clients-engagements/fhlb-of/projects/fms-40"
"1108","https://mojo.redhat.com/groups/jboss/blog/2008/11/24/jboss-news-on-twitter","JBoss news on Twitter","agoldste","https://mojo.redhat.com/groups/jboss/blog"
"1247","https://mojo.redhat.com/blogs/agoldstein/2008/11/20/livecycle-server-process-calls-not-authenticating","LiveCycle server process calls not authenticating","agoldste","https://mojo.redhat.com/blogs/agoldstein"
"1229","https://mojo.redhat.com/blogs/agoldstein/2008/11/19/livecycle-javascript-works-in-designer-preview-mode-but-not-via-process","Livecycle: Javascript works in Designer preview mode, but not via process","agoldste","https://mojo.redhat.com/blogs/agoldstein"
"1224","https://mojo.redhat.com/community/tbd/mojo-archived-spaces/services-parking-lot/tobedeleted/mojo/blog/2008/11/18/clearspace-gotcha---renaming-users-blog-names","Clearspace gotcha - renaming users &amp; blog names","agoldste","https://mojo.redhat.com/community/tbd/mojo-archived-spaces/services-parking-lot/tobedeleted/mojo/blog"
"1221","https://mojo.redhat.com/blogs/agoldstein/2008/11/18/amazon-now-in-competition-with-akamai","Amazon now in competition with Akamai?","agoldste","https://mojo.redhat.com/blogs/agoldstein"
"1215","https://mojo.redhat.com/community/consulting-customer-training/services-clients-engagements/fhlb-of/projects/fms-40/blog/2008/11/14/running-javascript-initialization-code-before-individual-form-components-get-initialized","Running Javascript initialization code before individual form components get initialized","agoldste","https://mojo.redhat.com/community/consulting-customer-training/services-clients-engagements/fhlb-of/projects/fms-40/blog"
"1191","https://mojo.redhat.com/community/tbd/mojo-archived-spaces/services-parking-lot/tobedeleted/mojo/blog/2008/11/13/2-clearspace-plugins-added","2 Clearspace plugins added","agoldste","https://mojo.redhat.com/community/tbd/mojo-archived-spaces/services-parking-lot/tobedeleted/mojo/blog"
"6684","https://mojo.redhat.com/docs/DOC-1067","echo ""windows"" | gzip -c &gt; /dev/null","agoldste","https://mojo.redhat.com/groups/linux-users"
"6471","https://mojo.redhat.com/docs/DOC-1017","Printer Settings","agoldste","https://mojo.redhat.com/community/tbd/mojo-archived-spaces/services-parking-lot/tobedeleted/purifykdeleted"
"6466","https://mojo.redhat.com/docs/DOC-1016","Servers","agoldste","https://mojo.redhat.com/community/tbd/mojo-archived-spaces/services-parking-lot/tobedeleted/purifykdeleted"
"6458","https://mojo.redhat.com/docs/DOC-1014","Technologies Used","agoldste","https://mojo.redhat.com/community/tbd/mojo-archived-spaces/services-parking-lot/tobedeleted/purifykdeleted"
"6454","https://mojo.redhat.com/docs/DOC-1013","Acronyms and Terms","agoldste","https://mojo.redhat.com/community/tbd/mojo-archived-spaces/services-parking-lot/tobedeleted/purifykdeleted"
