"17245","https://mojo.redhat.com/docs/DOC-8372","EERE Case study reference - Wellpoint HIP PENDs","ewang","https://mojo.redhat.com/community/consulting-customer-training/services-clients-engagements/doe/projects/eere-business-process-analysis"
"17147","https://mojo.redhat.com/docs/DOC-8346","[Archive] Reference Case Studies for EERE BPM Reporting Information Flow Analysis","ewang","https://mojo.redhat.com/groups/services-case-stud"
"17113","https://mojo.redhat.com/docs/DOC-8337","EERE Phase 1 High Level Interview Questions","ewang","https://mojo.redhat.com/community/consulting-customer-training/services-clients-engagements/doe/projects/eere-business-process-analysis"
"17100","https://mojo.redhat.com/docs/DOC-8334","EERE Glossary","ewang","https://mojo.redhat.com/community/consulting-customer-training/services-clients-engagements/doe/projects/eere-business-process-analysis"
"17059","https://mojo.redhat.com/docs/DOC-8318","EERE Business Process Analysis Client Contact Info","ewang","https://mojo.redhat.com/community/consulting-customer-training/services-clients-engagements/doe/projects/eere-business-process-analysis"
"17055","https://mojo.redhat.com/docs/DOC-8317","EERE Business Process Amentra Team Roster","ewang","https://mojo.redhat.com/community/consulting-customer-training/services-clients-engagements/doe/projects/eere-business-process-analysis"
"16338","https://mojo.redhat.com/docs/DOC-8122","large offline order form for futures - lgdint","ewang","https://mojo.redhat.com/community/consulting-customer-training/services-clients-engagements/nike/projects/order-capture-atg-divestiture"
"16289","https://mojo.redhat.com/docs/DOC-8110","Completed Large Futures Order","ewang","https://mojo.redhat.com/community/consulting-customer-training/services-clients-engagements/nike/projects/order-capture-atg-divestiture"
"16841","https://mojo.redhat.com/docs/DOC-7994","Other Nike Resource URLs","ewang","https://mojo.redhat.com/community/consulting-customer-training/services-clients-engagements/nike/projects/order-capture-atg-divestiture"
"16553","https://mojo.redhat.com/docs/DOC-7922","Amentra Data Integrity Data Management Case Study for DoD Acquisition","ewang","https://mojo.redhat.com/community/consulting-customer-training/services-clients-engagements/army/us-army-private/av_soa/projects/av-soa"
"16549","https://mojo.redhat.com/docs/DOC-7921","[Archive] AV SOA Past Performances / Case Studies Index","ewang","https://mojo.redhat.com/groups/services-case-stud"
"1089","https://mojo.redhat.com/people/ewang/blog/2011/03/28/android-21-low-on-storage-space--anyone-know-how-to-set-up-k-9-on-android","Android 2.1 low on storage space - anyone know how to set up K-9 on Android?","ewang","https://mojo.redhat.com/people/ewang/blog"
"9068","https://mojo.redhat.com/docs/DOC-3568","[Archive] FHLB Case Study","ewang","https://mojo.redhat.com/groups/services-case-stud"
