"15367","https://mojo.redhat.com/docs/DOC-7028","Phase 0 - Pilot - Schedule of Deliverables","mkachero","https://mojo.redhat.com/community/consulting-customer-training/services-clients-engagements/putnam_investments/projects/putnam-jboss-migration"
"14289","https://mojo.redhat.com/docs/DOC-6516","PAF Architecture and design document.","mkachero","https://mojo.redhat.com/community/consulting-customer-training/services-clients-engagements/cablevision/projects/paf-automation1368"
"15747","https://mojo.redhat.com/docs/DOC-6468","Introduction to Seam - Mentoring","mkachero","https://mojo.redhat.com/community/consulting-customer-training/services-clients-engagements/cablevision/projects/paf-automation1368"
"14930","https://mojo.redhat.com/docs/DOC-6255","Pearson Seam Engagement Feedback","mkachero","https://mojo.redhat.com/community/tbd/mojo-archived-spaces/services-parking-lot/tobedeleted/purifykdeleted"
"14810","https://mojo.redhat.com/docs/DOC-5890","Sane JBoss JVM Settings - The Ultimate Edition","mkachero","https://mojo.redhat.com/groups/jboss"
"13700","https://mojo.redhat.com/docs/DOC-5594","Mentoring Presentation - Development Tools Demo - PTC","mkachero","https://mojo.redhat.com/community/consulting-customer-training/services-clients-engagements/ptc/projects/weblogic-to-jboss-migration1341"
"13661","https://mojo.redhat.com/docs/DOC-5584","Java EE Questions","mkachero","https://mojo.redhat.com/groups/interviewers"
"13424","https://mojo.redhat.com/docs/DOC-5522","PTC Weblogic to JBoss Migration Status Report 20100522","mkachero","https://mojo.redhat.com/community/consulting-customer-training/services-clients-engagements/ptc/projects/weblogic-to-jboss-migration1341"
"1567","https://mojo.redhat.com/people/mkachero/blog/2010/05/19/isolating-jdbc-drivers-and-other-oracle-fun","Isolating JDBC Drivers and Other Oracle Fun","mkachero","https://mojo.redhat.com/people/mkachero/blog"
"14990","https://mojo.redhat.com/docs/DOC-5466","PTC Weblogic to JBoss Migration Project Plan","mkachero","https://mojo.redhat.com/community/consulting-customer-training/services-clients-engagements/ptc/projects/weblogic-to-jboss-migration1341"
"14860","https://mojo.redhat.com/docs/DOC-5433","PTC Weblogic to JBoss Migration Status Report 20100508","mkachero","https://mojo.redhat.com/community/consulting-customer-training/services-clients-engagements/ptc/projects/weblogic-to-jboss-migration1341"
"14788","https://mojo.redhat.com/docs/DOC-5416","Useful JBoss Resources","mkachero","https://mojo.redhat.com/community/consulting-customer-training/services-clients-engagements/ptc/projects/weblogic-to-jboss-migration1341"
"14758","https://mojo.redhat.com/docs/DOC-5408","Business Applications Team - Meeting Notes - 05/05/2010","mkachero","https://mojo.redhat.com/community/consulting-customer-training/services-clients-engagements/ptc/projects/weblogic-to-jboss-migration1341"
"14485","https://mojo.redhat.com/docs/DOC-5337","PTC Logo","mkachero","https://mojo.redhat.com/community/tbd/mojo-archived-spaces/services-parking-lot/tobedeleted/purifykdeleted"
"14479","https://mojo.redhat.com/docs/DOC-5335","PTC Headquarters &#8211; Travel Information","mkachero","https://mojo.redhat.com/community/tbd/mojo-archived-spaces/services-parking-lot/tobedeleted/purifykdeleted"
"14459","https://mojo.redhat.com/docs/DOC-5329","MQ Webservice Adapter WSDLs","mkachero","https://mojo.redhat.com/community/consulting-customer-training/services-clients-engagements/toysrus/projects/pop-up-store-web-service-enablement1336"
"14340","https://mojo.redhat.com/docs/DOC-5299","Physical Architecture Diagram","mkachero","https://mojo.redhat.com/community/consulting-customer-training/services-clients-engagements/toysrus/projects/pop-up-store-web-service-enablement1336"
"14052","https://mojo.redhat.com/docs/DOC-5214","High Level Architectural Diagram","mkachero","https://mojo.redhat.com/community/consulting-customer-training/services-internal-enablement/services-technical-knowledge-base"
"1768","https://mojo.redhat.com/groups/jboss/blog/2010/03/22/jms-tip-of-the-day-starting-connections","JMS Tip of the Day: Starting Connections","mkachero","https://mojo.redhat.com/groups/jboss/blog"
"13534","https://mojo.redhat.com/docs/DOC-4806","JBoss Committee Brainstorming","mkachero","https://mojo.redhat.com/community/tbd/mojo-archived-spaces/services-parking-lot/tobedeleted/jboss"
"12614","https://mojo.redhat.com/docs/DOC-4628","jBPM Reference Materials","mkachero","https://mojo.redhat.com/community/consulting-customer-training/services-clients-engagements/iso/projects/jboss-soa-p-poc-review"
"1583","https://mojo.redhat.com/people/mkachero/blog/2010/01/28/scary-incident-at-nyse","Scary Incident at NYSE","mkachero","https://mojo.redhat.com/people/mkachero/blog"
"11517","https://mojo.redhat.com/docs/DOC-4031","Points for/against BRMS","mkachero","https://mojo.redhat.com/community/tbd/mojo-archived-spaces/services-parking-lot/tobedeleted/purifykdeleted"
"9329","https://mojo.redhat.com/docs/DOC-3643","Marvel Contact Information","mkachero","https://mojo.redhat.com/groups/services-archive/projects/services-client-engagement-archive"
"9235","https://mojo.redhat.com/docs/DOC-3618","Setting up EPP with CAS and RHDS integration","mkachero","https://mojo.redhat.com/community/consulting-customer-training/services-clients-engagements/nycdoe/projects/learning-management-pilot"
"9149","https://mojo.redhat.com/docs/DOC-3596","DOE Demo Integration Scenarios","mkachero","https://mojo.redhat.com/community/consulting-customer-training/services-clients-engagements/nycdoe/projects/learning-management-pilot"
"9381","https://mojo.redhat.com/docs/DOC-3302","SELinux and Apache","mkachero","https://mojo.redhat.com/groups/linux-users"
"8805","https://mojo.redhat.com/docs/DOC-3152","DoE POC VMs","mkachero","https://mojo.redhat.com/community/consulting-customer-training/services-clients-engagements/nycdoe/projects/learning-management-pilot"
"1284","https://mojo.redhat.com/groups/cm-content-vault/blog/2009/07/21/prime-faces","Prime Faces","mkachero","https://mojo.redhat.com/groups/cm-content-vault/blog"
"1328","https://mojo.redhat.com/people/mkachero/blog/2009/06/02/a-universal-hash-generator","A universal hash generator","mkachero","https://mojo.redhat.com/people/mkachero/blog"
"8163","https://mojo.redhat.com/docs/DOC-2632","Automated install of JBoss Messaging cluster","mkachero","https://mojo.redhat.com/groups/jboss"
"8044","https://mojo.redhat.com/docs/DOC-2010","Dow Jones Logo","mkachero","https://mojo.redhat.com/community/tbd/mojo-archived-spaces/services-parking-lot/tobedeleted/purifykdeleted"
"6560","https://mojo.redhat.com/docs/DOC-1695","Dow Jones Mosaic SVN/Maven Access","mkachero","https://mojo.redhat.com/community/tbd/mojo-archived-spaces/services-parking-lot/tobedeleted/projects/dow-jones-omc-messaging-initiative"
"6532","https://mojo.redhat.com/docs/DOC-1690","How to configure jBPM 3.x to use JBoss Messaging","mkachero","https://mojo.redhat.com/groups/jboss"
"6339","https://mojo.redhat.com/docs/DOC-1654","Dow Jones Mosaic Sharepoint","mkachero","https://mojo.redhat.com/community/tbd/mojo-archived-spaces/services-parking-lot/tobedeleted/projects/dow-jones-omc-messaging-initiative"
"1659","https://mojo.redhat.com/people/mkachero/blog/2009/04/02/technologies-that-secretly-hate-each-other-part-iv-seam-and-jbpm","Technologies that Secretly Hate Each Other, Part IV: Seam and jBPM","mkachero","https://mojo.redhat.com/people/mkachero/blog"
"6024","https://mojo.redhat.com/docs/DOC-1595","Testing JMS with JMeter","mkachero","https://mojo.redhat.com/community/tbd/mojo-archived-spaces/services-parking-lot/tobedeleted/projects/dow-jones-omc-messaging-initiative"
"5727","https://mojo.redhat.com/docs/DOC-1518","Dow Jones JMS Overview Meeting","mkachero","https://mojo.redhat.com/community/tbd/mojo-archived-spaces/services-parking-lot/tobedeleted/projects/dow-jones-omc-messaging-initiative"
"5678","https://mojo.redhat.com/docs/DOC-1513","Dow Jones Travel Information","mkachero","https://mojo.redhat.com/community/tbd/mojo-archived-spaces/services-parking-lot/tobedeleted/purifykdeleted"
"5656","https://mojo.redhat.com/docs/DOC-1509","Dow Jones responses to clarification of requirements","mkachero","https://mojo.redhat.com/community/tbd/mojo-archived-spaces/services-parking-lot/tobedeleted/projects/dow-jones-omc-messaging-initiative"
"5637","https://mojo.redhat.com/docs/DOC-1505","Information about Dev Environment","mkachero","https://mojo.redhat.com/community/tbd/mojo-archived-spaces/services-parking-lot/tobedeleted/purifykdeleted"
"1489","https://mojo.redhat.com/people/mkachero/blog/2009/03/26/jboss-client-jars--a-job-half-done","JBoss client jars - a job half done","mkachero","https://mojo.redhat.com/people/mkachero/blog"
"8068","https://mojo.redhat.com/docs/DOC-1433","BIG-IP vs Apache mod_jk","mkachero","https://mojo.redhat.com/community/consulting-customer-training/services-clients-engagements/cidc/projects/jboss-clustering-support"
"7986","https://mojo.redhat.com/docs/DOC-1414","CIDC Overview","mkachero","https://mojo.redhat.com/community/consulting-customer-training/services-clients-engagements/cidc"
"7822","https://mojo.redhat.com/docs/DOC-1360","EJB and Transactions Guidelines","mkachero","https://mojo.redhat.com/community/consulting-customer-training/services-clients-engagements/nike/projects/admin-stabilization"
"7792","https://mojo.redhat.com/docs/DOC-1351","Comparing the use of EJBs and POJOs in a Seam Application","mkachero","https://mojo.redhat.com/community/consulting-customer-training/services-clients-engagements/nike/projects/admin-stabilization"
"1286","https://mojo.redhat.com/groups/cm-content-vault/blog/2008/12/09/sortable-data-tables-problem","Sortable Data Tables Problem","mkachero","https://mojo.redhat.com/groups/cm-content-vault/blog"
"7120","https://mojo.redhat.com/docs/DOC-1169","Subjects of interest for Nike","mkachero","https://mojo.redhat.com/community/tbd/mojo-archived-spaces/services-parking-lot/tobedeleted/purifykdeleted"
"6969","https://mojo.redhat.com/docs/DOC-1135","Seam Links and Resources for Nike","mkachero","https://mojo.redhat.com/community/tbd/mojo-archived-spaces/services-parking-lot/tobedeleted/purifykdeleted"
"6947","https://mojo.redhat.com/docs/DOC-1131","Tasks accomplished","mkachero","https://mojo.redhat.com/community/consulting-customer-training/services-clients-engagements/nike/projects/admin-stabilization"
"1194","https://mojo.redhat.com/community/tbd/mojo-archived-spaces/services-parking-lot/tobedeleted/purifykdeleted/blog/2008/11/13/using-cs-for-nike","Using CS for Nike","mkachero","https://mojo.redhat.com/community/tbd/mojo-archived-spaces/services-parking-lot/tobedeleted/purifykdeleted/blog"
"6927","https://mojo.redhat.com/docs/DOC-1120","Admin Stabilization Improvement Suggestions","mkachero","https://mojo.redhat.com/community/tbd/mojo-archived-spaces/services-parking-lot/tobedeleted/purifykdeleted"
"6548","https://mojo.redhat.com/docs/DOC-1039","Test Document 02","mkachero","https://mojo.redhat.com/community/test-help/sandbox/test_subspace_01/projects/test-project-01"
"1123","https://mojo.redhat.com/community/tbd/mojo-archived-spaces/services-parking-lot/tobedeleted/projects/amentra-directory-server-ldap/blog/2008/10/27/choosing-an-ldap-server","Choosing an LDAP server","mkachero","https://mojo.redhat.com/community/tbd/mojo-archived-spaces/services-parking-lot/tobedeleted/projects/amentra-directory-server-ldap/blog"
"1119","https://mojo.redhat.com/community/tbd/mojo-archived-spaces/services-parking-lot/tobedeleted/projects/amentra-directory-server-ldap/blog/2008/10/27/fedora-ds-installed","Fedora DS installed","mkachero","https://mojo.redhat.com/community/tbd/mojo-archived-spaces/services-parking-lot/tobedeleted/projects/amentra-directory-server-ldap/blog"
